"Aasta","Tegevusala","Kivisüsi, tuhat t","Koks, tuhat t","Põlevkivi, tuhat t","Freesturvas, tuhat t","Tükkturvas, tuhat t","Turbabrikett, tuhat t","Puitkütus (väärindamata)*, tuhat tm","Küttepuud, tuhat tm","Puiduhake ja -jäätmed, tuhat tm","Puiduhake, tuhat tm","Puidujäätmed, tuhat tm","Puidubrikett ja -graanulid, tuhat t","Maagaas, mln m³","Vedelgaas, tuhat t","Raske kütteõli, tuhat t","Põlevkiviõli (raske fraktsioon), tuhat t","Kerge kütteõli ja diislikütus, tuhat t","Diislikütus, tuhat t","Autobensiin, tuhat t","Lennukikütus, tuhat t","Põlevkivigaas, mln m³","Biogaas, mln m³","Muu biomass**, tuhat t","Jäätmekütus, tuhat t","Bituumen, tuhat t","Määrdeained, tuhat t","Elektrienergia, GWh","Soojus, GWh"
"2011","Tegevusalad kokku",68.8,0.0,18738.8,286.1,17.6,12.4,4348.1,1708.3,2639.8,1858.9,781.1,56.3,632.1,9.3,1.8,64.8,645.5,572.3,260.5,33.8,1108.3,7.6,142.9,..,39.1,3.5,8382,8168
"2011","Põllumajandus",0.0,0.0,0.0,0.0,0.3,0.0,7.0,5.1,1.9,1.9,0.1,0.1,11.7,0.4,0.0,2.1,68.2,64.7,2.5,0.0,0.0,0.0,1.0,..,0.0,0.4,184,98
"2011","Metsamajandus",0.0,0.0,0.0,0.0,0.2,0.0,0.6,0.5,0.1,0.0,0.1,0.0,1.5,0.0,0.0,0.0,16.9,16.8,1.9,0.0,0.0,0.0,0.0,..,0.0,0.2,10,13
"2011","Kalapüük",0.1,0.0,0.0,0.0,0.0,0.0,0.1,0.1,0.0,0.0,0.0,0.3,0.0,0.0,0.0,0.0,2.8,2.8,0.3,0.0,0.0,0.0,0.0,..,0.0,0.0,9,1
"2011","Põlevkivi kaevandamine",0.0,0.0,0.0,0.0,0.0,0.0,0.0,0.0,0.0,0.0,0.0,0.0,0.0,0.0,0.0,3.2,19.4,19.4,0.1,0.0,0.0,0.0,0.0,..,0.0,0.8,227,42
"2011","Turba tootmine ja muu kaevandamine",0.0,0.0,0.0,135.4,7.1,0.0,19.2,0.3,18.9,0.0,18.9,0.7,6.0,0.0,0.0,0.0,11.3,10.2,0.5,0.0,0.0,0.0,0.0,..,0.6,0.1,32,42
"2011","Toiduainete tootmine, joogitootmine",0.2,0.0,0.0,0.0,3.3,0.0,2.0,0.5,1.5,0.4,1.1,0.0,25.0,0.1,0.1,7.3,9.1,3.9,1.5,0.0,0.0,0.0,0.0,..,0.0,0.0,271,373
"2011","Tekstiili- ja rõivatootmine, nahatöötlemine ja nahktoodete tootmine",0.5,0.0,0.0,0.0,0.0,0.0,1.2,1.2,0.0,0.0,0.0,0.1,2.8,0.0,0.0,1.0,1.2,0.8,0.8,0.0,0.0,0.0,0.0,..,0.0,0.0,132,64
"2011","Puidutöötlemine",0.0,0.0,0.0,1.7,0.0,0.0,378.7,4.3,374.4,157.7,216.8,0.9,7.3,0.1,0.0,0.0,13.0,9.9,1.6,0.0,0.0,0.0,0.0,..,0.0,0.2,291,584
"2011","Paberi ja pabertoodete tootmine, trükindus ja salvestiste paljundus",0.0,0.0,0.0,0.0,0.0,0.0,83.5,0.3,83.2,52.0,31.1,0.0,34.5,0.1,0.1,0.0,1.4,0.8,0.6,0.0,0.0,0.0,137.3,..,0.0,0.0,337,402
"2011","Koksi ja puhastatud naftatoodete tootmine",0.0,0.0,4087.8,0.0,0.0,0.0,0.0,0.0,0.0,0.0,0.0,0.0,9.3,0.0,0.0,1.5,3.3,3.3,0.0,0.0,921.3,0.0,0.0,..,0.0,0.0,172,250
"2011","keemia- ja farmaatsiatoodete tootmine",0.0,0.0,0.0,0.0,0.0,0.0,0.1,0.1,0.0,0.0,0.0,0.0,4.9,1.9,0.0,0.0,1.3,1.1,0.3,0.0,0.0,0.0,0.0,..,0.0,0.0,184,185
"2011","Kummi- ja plasttoodete tootmine",0.0,0.0,0.0,0.0,0.0,0.0,0.3,0.3,0.0,0.0,0.0,0.0,1.3,0.3,0.0,0.0,1.4,0.7,0.6,0.0,0.0,0.0,0.0,..,0.0,0.0,94,26
"2011","Muude mittemetalsetest mineraalidest toodete tootmine",54.5,0.0,260.2,0.0,0.0,0.0,1.0,0.3,0.7,0.0,0.7,0.0,25.4,0.0,0.0,0.5,4.8,3.7,0.4,0.0,0.0,0.0,0.0,..,0.0,0.1,199,43
"2011","Metallitootmine",0.0,0.0,0.0,0.0,0.0,0.0,0.2,0.1,0.1,0.1,0.0,0.0,0.1,0.0,0.0,0.0,0.1,0.1,0.0,0.0,0.0,0.0,0.0,..,0.0,0.0,10,2
"2011","Metalltoodete tootmine",0.0,0.0,0.0,0.0,0.0,0.0,2.3,2.2,0.1,0.0,0.0,0.2,9.9,0.3,0.0,0.1,3.8,2.7,2.3,0.0,0.0,0.0,0.0,..,0.0,0.0,166,55
"2011","arvutite, elektriseadmete ja transpordivahendite tootmine",0.0,0.0,0.0,0.0,0.0,0.0,4.7,3.7,1.0,0.7,0.3,0.1,3.9,0.2,0.2,0.3,2.4,1.2,1.0,0.0,0.0,0.0,0.0,..,0.0,0.1,165,91
"2011","Mööblitootmine",0.1,0.0,0.0,0.0,0.0,0.0,66.2,0.9,65.3,43.1,22.3,3.0,3.6,0.0,0.0,0.1,1.6,1.2,0.7,0.0,0.0,0.0,0.0,..,0.0,0.0,85,129
"2011","Muu tootmine",0.2,0.0,0.0,0.0,0.0,0.0,0.2,0.1,0.1,0.0,0.1,0.0,2.0,0.0,0.0,0.3,2.9,2.6,0.8,0.0,0.0,0.0,0.0,..,0.0,0.0,34,33
"2011","Elektrienergia-, auru- ja kuumaveevarustus",0.7,0.0,14390.8,149.0,5.8,0.0,1763.0,6.0,1757.0,1588.0,169.1,0.6,295.7,0.0,0.7,44.7,8.2,2.1,1.3,0.0,187.0,5.8,2.0,..,0.0,0.2,1339,107
"2011","Veevarustus ja kanalisatsioon",0.0,0.0,0.0,0.0,0.0,0.0,0.1,0.1,0.0,0.0,0.0,0.0,0.7,0.0,0.0,0.0,0.8,0.8,0.4,0.0,0.0,1.8,0.0,..,0.0,0.0,68,16
"2011","Jäätmetöötlus",0.0,0.0,0.0,0.0,0.0,0.0,1.4,0.4,1.0,0.0,1.0,0.0,2.1,0.0,0.2,0.0,5.6,5.6,0.4,0.0,0.0,0.0,2.6,..,0.0,0.0,16,23
"2011","Ehitus",0.1,0.0,0.0,0.0,0.0,0.2,1.0,0.6,0.4,0.2,0.2,0.1,6.4,0.1,0.0,2.2,61.0,53.9,11.9,0.0,0.0,0.0,0.0,..,38.5,0.4,73,36
"2011","Hulgi- ja jaekaubandus",0.5,0.0,0.0,0.0,0.0,0.1,8.8,5.7,3.1,0.0,3.0,0.6,13.7,0.2,0.0,0.1,25.8,23.1,12.1,0.0,0.0,0.0,0.0,..,0.0,0.1,660,286
"2011","Maismaaveondus",0.2,0.0,0.0,0.0,0.1,0.0,1.0,1.0,0.0,0.0,0.0,0.1,1.2,2.3,0.0,0.1,218.3,200.6,5.3,0.0,0.0,0.0,0.0,..,0.0,0.6,48,24
"2011","Veetransport",0.0,0.0,0.0,0.0,0.0,0.0,0.0,0.0,0.0,0.0,0.0,0.0,0.0,0.0,0.0,0.0,4.8,4.8,0.1,0.0,0.0,0.0,0.0,..,0.0,0.3,4,0
"2011","Õhutansport",0.0,0.0,0.0,0.0,0.0,0.0,0.0,0.0,0.0,0.0,0.0,0.0,0.3,0.0,0.0,0.0,0.0,0.0,0.0,33.3,0.0,0.0,0.0,..,0.0,0.0,0,1
"2011","Laondus, posti- ja kulleriteenistus",0.0,0.0,0.0,0.0,0.0,0.1,0.4,0.3,0.1,0.0,0.1,0.1,57.7,0.1,0.0,0.0,20.6,16.1,3.6,0.0,0.0,0.0,0.0,..,0.0,0.0,205,526
"2011","Majutus ja toitlustus",0.0,0.0,0.0,0.0,0.2,0.0,4.9,4.0,0.9,0.8,0.1,0.3,4.4,0.0,0.0,0.1,1.4,1.2,1.5,0.0,0.0,0.0,0.0,..,0.0,0.0,201,135
"2011","Info ja side",0.0,0.0,0.0,0.0,0.0,0.0,0.0,0.0,0.0,0.0,0.0,0.0,0.5,0.0,0.0,0.0,0.3,0.3,2.1,0.0,0.0,0.0,0.0,..,0.0,0.0,112,15
"2011","Finants- ja kindlustustegevus",0.0,0.0,0.0,0.0,0.0,0.0,0.0,0.0,0.0,0.0,0.0,0.0,0.2,0.0,0.0,0.0,0.2,0.2,0.4,0.0,0.0,0.0,0.0,..,0.0,0.0,23,12
"2011","Kinnisvaraalane tegevus",0.4,0.0,0.0,0.0,0.6,0.0,10.2,5.2,5.0,5.1,0.0,0.0,15.0,0.0,0.0,0.3,4.6,3.7,2.4,0.0,0.0,0.0,0.0,..,0.0,0.0,745,225
"2011","Kutse-, teadus- ja tehnikaalane tegevus",0.0,0.0,0.0,0.0,0.0,0.0,0.3,0.3,0.0,0.0,0.0,0.0,0.6,0.0,0.4,0.0,2.7,1.9,7.0,0.0,0.0,0.0,0.0,..,0.0,0.0,35,17
"2011","Haldus- ja abitegevused",0.0,0.0,0.0,0.0,0.0,1.0,0.8,0.8,0.0,0.0,0.0,0.0,2.8,0.0,0.0,0.0,53.1,50.8,4.9,0.0,0.0,0.0,0.0,..,0.0,0.0,20,17
"2011","Avalik haldus ja riigikaitse",0.7,0.0,0.0,0.0,0.0,0.0,17.6,10.5,7.1,5.0,2.1,0.9,2.0,0.1,0.0,0.4,11.0,6.1,2.9,0.3,0.0,0.0,0.0,..,0.0,0.0,105,165
"2011","Haridus",0.3,0.0,0.0,0.0,0.0,0.0,5.9,3.3,2.6,2.6,0.0,0.2,9.0,0.0,0.1,0.5,1.7,1.1,1.3,0.2,0.0,0.0,0.0,..,0.0,0.0,69,112
"2011","Tervishoid ja sotsiaalhoolekanne",0.0,0.0,0.0,0.0,0.0,0.0,4.7,3.4,1.3,1.3,0.0,0.0,2.0,0.0,0.0,0.0,2.2,0.9,1.4,0.0,0.0,0.0,0.0,..,0.0,0.0,59,95
"2011","Kunst, meelelahutus ja vaba aeg",0.3,0.0,0.0,0.0,0.0,0.0,0.6,0.6,0.0,0.0,0.0,0.0,1.5,0.0,0.0,0.0,0.7,0.6,0.8,0.0,0.0,0.0,0.0,..,0.0,0.0,26,27
"2011","Muud teenindavad tegevused",0.0,0.0,0.0,0.0,0.0,0.0,0.1,0.1,0.0,0.0,0.0,0.0,3.1,0.1,0.0,0.0,0.6,0.6,0.8,0.0,0.0,0.0,0.0,..,0.0,0.0,38,27
"2011","Kodumajapidamine",10.0,0.0,0.0,0.0,0.0,11.0,1960.0,..,..,..,..,48.0,64.0,3.0,0.0,0.0,79.0,74.0,184.0,0.0,0.0,0.0,0.0,..,0.0,0.0,1934,3869
"2012","Tegevusalad kokku",64.4,0.0,17526.7,237.3,27.2,13.1,4495.8,1559.9,2935.9,1637.2,1298.7,32.7,657.4,13.0,0.9,66.6,671.2,601.0,251.8,37.7,1141.7,6.9,145.3,..,43.8,2.8,8847,8599
"2012","Põllumajandus",0.0,0.0,0.0,0.0,0.2,0.0,5.7,3.8,1.9,1.7,0.2,0.0,11.9,1.0,0.0,1.1,83.0,68.8,2.3,0.0,0.0,0.0,2.0,..,0.0,0.4,202,110
"2012","Metsamajandus",0.0,0.0,0.0,0.0,0.0,0.0,0.9,0.9,0.0,0.0,0.0,0.0,0.0,0.0,0.0,0.0,17.2,17.1,2.0,0.0,0.0,0.0,0.0,..,0.0,0.2,10,4
"2012","Kalapüük",0.0,0.0,0.0,0.0,0.0,0.0,0.0,0.0,0.0,0.0,0.0,0.0,0.0,0.0,0.0,0.0,2.9,2.9,0.0,0.0,0.0,0.0,0.0,..,0.0,0.0,0,0
"2012","Põlevkivi kaevandamine",0.0,0.0,0.0,0.0,0.0,0.0,0.0,0.0,0.0,0.0,0.0,0.0,0.0,0.0,0.0,3.0,20.1,20.1,0.0,0.0,0.0,0.0,0.0,..,0.0,0.7,246,41
"2012","Turba tootmine ja muu kaevandamine",0.0,0.0,0.0,86.9,11.9,0.0,14.3,0.4,13.9,0.0,13.9,0.6,9.7,0.0,0.0,0.0,10.9,10.8,0.4,0.0,0.0,0.0,0.0,..,0.0,0.1,28,22
"2012","Toiduainete tootmine, joogitootmine",0.2,0.0,0.0,0.0,4.3,0.0,2.4,1.0,1.4,0.7,0.7,0.0,27.1,0.1,0.0,7.4,10.0,4.0,1.5,0.0,0.0,0.0,0.0,..,0.0,0.0,321,365
"2012","Tekstiili- ja rõivatootmine, nahatöötlemine ja nahktoodete tootmine",0.2,0.0,0.0,0.0,0.0,0.0,1.1,1.1,0.0,0.0,0.0,0.0,2.8,0.0,0.0,1.1,1.6,1.2,1.0,0.0,0.0,0.0,0.0,..,0.0,0.0,119,63
"2012","Puidutöötlemine",0.0,0.0,0.0,0.0,3.5,0.0,463.8,1.6,462.2,126.9,335.3,8.0,6.2,0.2,0.0,0.0,12.2,10.0,1.3,0.0,0.0,0.0,0.0,..,0.0,0.1,314,701
"2012","Paberi ja pabertoodete tootmine, trükindus ja salvestiste paljundus",0.0,0.0,0.0,0.0,0.0,0.0,86.2,0.2,86.0,0.0,86.0,0.0,33.8,0.0,0.1,0.0,1.4,0.9,0.5,0.0,0.0,0.0,137.2,..,0.0,0.0,364,418
"2012","Koksi ja puhastatud naftatoodete tootmine",0.0,0.0,4801.0,0.0,0.0,0.0,0.0,0.0,0.0,0.0,0.0,0.0,4.3,1.0,0.0,2.8,2.6,2.6,0.0,0.0,232.0,0.0,0.0,..,0.0,0.0,187,177
"2012","keemia- ja farmaatsiatoodete tootmine",0.0,0.0,0.0,0.0,0.0,0.0,0.1,0.1,0.0,0.0,0.0,0.0,27.6,2.1,0.0,0.0,1.6,1.1,0.3,0.0,0.0,0.0,0.0,..,0.0,0.0,199,193
"2012","Kummi- ja plasttoodete tootmine",0.0,0.0,0.0,0.0,0.0,0.0,0.6,0.3,0.3,0.0,0.3,0.0,1.6,0.3,0.0,0.0,1.7,0.8,0.8,0.0,0.0,0.0,0.0,..,0.0,0.0,121,26
"2012","Muude mittemetalsetest mineraalidest toodete tootmine",51.1,0.0,190.9,0.0,0.0,0.0,1.1,0.3,0.8,0.0,0.8,0.0,25.6,0.0,0.0,0.6,4.8,3.7,0.4,0.0,0.0,0.0,0.0,..,0.0,0.1,206,44
"2012","Metallitootmine",0.8,0.0,0.0,0.0,0.0,0.0,0.1,0.0,0.1,0.0,0.1,0.0,2.4,0.0,0.0,0.0,0.1,0.1,0.0,0.0,0.0,0.0,0.0,..,0.0,0.0,10,1
"2012","Metalltoodete tootmine",0.1,0.0,0.0,0.0,0.0,0.0,1.4,1.1,0.3,0.0,0.3,0.2,7.9,0.3,0.0,0.1,3.4,2.2,1.4,0.0,0.0,0.0,0.0,..,0.0,0.0,146,63
"2012","arvutite, elektriseadmete ja transpordivahendite tootmine",0.0,0.0,0.0,0.0,0.0,0.0,2.8,2.1,0.7,0.6,0.1,0.1,4.6,0.1,0.0,0.2,2.6,1.3,1.0,0.0,0.0,0.0,0.0,..,0.0,0.1,185,105
"2012","Mööblitootmine",0.2,0.0,0.0,0.0,0.0,0.0,65.1,0.8,64.3,44.8,19.5,1.2,4.1,0.4,0.0,0.2,1.4,1.1,0.5,0.0,0.0,0.0,0.0,..,0.0,0.0,70,125
"2012","Muu tootmine",0.2,0.0,0.0,0.0,0.0,0.0,0.4,0.3,0.1,0.1,0.0,0.1,2.1,0.2,0.0,0.3,4.2,3.7,0.6,0.0,0.0,0.0,0.0,..,0.0,0.1,34,39
"2012","Elektrienergia-, auru- ja kuumaveevarustus",0.5,0.0,12534.7,150.4,6.3,0.0,1625.0,8.7,1616.3,1447.0,169.3,1.5,298.2,0.0,0.5,46.0,5.5,1.8,0.9,0.0,909.7,5.2,5.3,..,0.0,0.1,1411,207
"2012","Veevarustus ja kanalisatsioon",0.0,0.0,0.0,0.0,0.0,0.0,0.1,0.1,0.0,0.0,0.0,0.0,0.7,0.0,0.0,0.0,0.7,0.7,0.4,0.0,0.0,1.7,0.0,..,0.0,0.0,103,19
"2012","Jäätmetöötlus",0.0,0.0,0.0,0.0,0.0,0.0,1.1,0.5,0.6,0.0,0.6,0.0,0.9,0.0,0.0,0.0,6.6,6.5,0.2,0.0,0.0,0.0,0.0,..,0.0,0.0,96,21
"2012","Ehitus",0.0,0.0,0.0,0.0,0.0,0.0,1.0,0.5,0.5,0.2,0.3,0.0,5.9,0.7,0.2,1.5,69.2,51.1,10.3,0.0,0.0,0.0,0.0,..,43.8,0.6,82,38
"2012","Hulgi- ja jaekaubandus",0.3,0.0,0.0,0.0,0.0,0.0,12.6,4.4,8.2,0.2,8.0,0.4,6.4,0.1,0.0,0.1,25.1,24.1,11.0,0.0,0.0,0.0,0.0,..,0.0,0.0,670,232
"2012","Maismaaveondus",0.4,0.0,0.1,0.0,0.0,0.1,0.9,0.8,0.1,0.0,0.1,0.4,1.5,3.0,0.0,0.1,269.1,263.4,2.5,0.0,0.0,0.0,0.0,..,0.0,0.1,51,30
"2012","Veetransport",0.0,0.0,0.0,0.0,0.0,0.0,0.0,0.0,0.0,0.0,0.0,0.0,0.0,0.0,0.0,0.0,4.1,3.7,0.1,0.0,0.0,0.0,0.0,..,0.0,0.2,4,0
"2012","Õhutansport",0.0,0.0,0.0,0.0,0.0,0.0,0.0,0.0,0.0,0.0,0.0,0.0,0.1,0.0,0.0,0.0,0.0,0.0,0.0,37.1,0.0,0.0,0.0,..,0.0,0.0,1,0
"2012","Laondus, posti- ja kulleriteenistus",0.0,0.0,0.0,0.0,0.0,0.0,0.3,0.3,0.0,0.0,0.0,0.0,62.8,0.3,0.0,0.0,18.7,18.2,2.3,0.3,0.0,0.0,0.0,..,0.0,0.0,227,387
"2012","Majutus ja toitlustus",0.2,0.0,0.0,0.0,0.0,0.0,3.7,3.2,0.5,0.5,0.0,0.0,3.1,0.0,0.0,0.0,1.5,1.3,0.7,0.0,0.0,0.0,0.0,..,0.0,0.0,192,95
"2012","Info ja side",0.0,0.0,0.0,0.0,0.0,0.0,0.0,0.0,0.0,0.0,0.0,0.0,0.5,0.0,0.0,0.0,0.6,0.6,2.5,0.0,0.0,0.0,0.0,..,0.0,0.0,142,20
"2012","Finants- ja kindlustustegevus",0.0,0.0,0.0,0.0,0.0,0.0,0.0,0.0,0.0,0.0,0.0,0.0,0.2,0.0,0.0,0.0,0.1,0.1,0.4,0.0,0.0,0.0,0.0,..,0.0,0.0,15,7
"2012","Kinnisvaraalane tegevus",0.8,0.0,0.0,0.0,1.0,0.0,13.3,7.1,6.2,5.8,0.4,0.2,20.2,0.0,0.0,0.7,1.4,1.3,1.0,0.0,0.0,0.0,0.8,..,0.0,0.0,381,98
"2012","Kutse-, teadus- ja tehnikaalane tegevus",0.0,0.0,0.0,0.0,0.0,0.0,0.1,0.1,0.0,0.0,0.0,0.0,0.8,0.0,0.0,0.0,4.8,3.8,4.2,0.0,0.0,0.0,0.0,..,0.0,0.0,68,35
"2012","Haldus- ja abitegevused",0.0,0.0,0.0,0.0,0.0,2.5,0.2,0.2,0.0,0.0,0.0,0.0,2.9,0.0,0.0,0.0,7.3,7.2,3.8,0.0,0.0,0.0,0.0,..,0.0,0.0,22,14
"2012","Avalik haldus ja riigikaitse",0.5,0.0,0.0,0.0,0.0,0.0,16.1,9.4,6.7,4.9,1.8,1.5,2.0,0.1,0.0,1.0,10.4,6.4,2.8,0.3,0.0,0.0,0.0,..,0.0,0.0,336,474
"2012","Haridus",0.1,0.0,0.0,0.0,0.0,0.0,4.7,2.2,2.5,2.5,0.0,0.5,4.4,0.0,0.1,0.4,1.7,1.3,0.8,0.0,0.0,0.0,0.0,..,0.0,0.0,112,232
"2012","Tervishoid ja sotsiaalhoolekanne",0.0,0.0,0.0,0.0,0.0,0.0,4.5,3.2,1.3,1.3,0.0,0.7,2.0,0.0,0.0,0.0,2.1,1.0,1.2,0.0,0.0,0.0,0.0,..,0.0,0.0,106,141
"2012","Kunst, meelelahutus ja vaba aeg",0.0,0.0,0.0,0.0,0.0,0.0,0.0,0.0,0.0,0.0,0.0,0.1,1.5,0.0,0.0,0.0,0.4,0.5,0.6,0.0,0.0,0.0,0.0,..,0.0,0.0,64,72
"2012","Muud teenindavad tegevused",0.0,0.0,0.0,0.0,0.0,0.0,0.2,0.2,0.0,0.0,0.0,0.0,3.3,0.1,0.0,0.0,0.6,0.6,0.6,0.0,0.0,0.0,0.0,..,0.0,0.0,42,29
"2012","Kodumajapidamine",8.8,0.0,0.0,0.0,0.0,10.5,2166.0,..,..,..,..,17.2,68.3,3.0,0.0,0.0,59.6,55.0,191.4,0.0,0.0,0.0,0.0,..,0.0,0.0,1956,3953
"2013","Tegevusalad kokku",61.4,5.2,20486.6,219.1,22.6,12.3,4294.9,1614.6,2680.3,1596.7,1083.6,43.4,677.8,12.5,0.9,50.3,661.0,595.0,234.1,28.2,1108.1,17.5,189.1,275.2,48.0,2.6,8785,8099
"2013","Põllumajandus",0.0,0.0,0.0,0.0,0.0,0.0,22.0,20.0,2.0,1.8,0.2,0.2,10.1,0.8,0.0,1.4,83.3,63.8,1.6,0.0,0.0,0.0,1.6,0.0,0.0,0.5,188,107
"2013","Metsamajandus",0.0,0.0,0.0,0.0,0.0,0.0,1.8,1.3,0.5,0.0,0.5,0.0,0.0,0.0,0.0,0.0,18.4,15.3,1.7,0.0,0.0,0.0,0.0,0.0,0.0,0.1,10,5
"2013","Kalapüük",0.0,0.0,0.0,0.0,0.0,0.0,0.0,0.0,0.0,0.0,0.0,0.0,0.0,0.0,0.0,0.0,2.0,2.0,0.1,0.0,0.0,0.0,0.0,0.0,0.0,0.0,8,0
"2013","Põlevkivi kaevandamine",0.0,0.0,0.0,0.0,0.0,0.0,0.0,0.0,0.0,0.0,0.0,0.0,0.0,0.0,0.0,2.0,17.1,17.1,0.0,0.0,0.0,0.0,0.0,0.0,0.0,0.6,234,32
"2013","Turba tootmine ja muu kaevandamine",0.0,0.0,0.0,100.9,10.6,0.0,6.9,0.3,6.6,0.0,6.6,0.7,8.2,0.0,0.0,0.0,10.7,10.5,0.2,0.0,0.0,0.0,0.0,0.0,0.0,0.1,24,29
"2013","Toiduainete tootmine, joogitootmine",0.3,0.0,0.0,0.0,2.9,0.0,2.9,0.4,2.5,0.5,2.0,0.0,23.8,0.5,0.0,5.4,9.4,4.5,0.9,0.0,0.0,0.0,0.0,0.0,0.0,0.0,288,320
"2013","Tekstiili- ja rõivatootmine, nahatöötlemine ja nahktoodete tootmine",0.3,0.0,0.0,0.0,0.0,0.0,0.7,0.7,0.0,0.0,0.0,0.1,2.7,0.0,0.0,1.0,1.5,0.9,0.6,0.0,0.0,0.0,0.0,0.0,0.0,0.0,111,49
"2013","Puidutöötlemine",0.0,0.0,0.0,0.0,0.5,0.0,467.5,2.4,465.1,178.4,286.7,20.7,9.4,0.5,0.0,1.4,9.3,8.7,0.6,0.0,0.0,0.0,0.0,0.0,0.0,0.1,339,676
"2013","Paberi ja pabertoodete tootmine, trükindus ja salvestiste paljundus",0.0,0.0,0.0,0.0,0.0,0.0,24.4,0.1,24.3,0.0,24.3,0.0,29.0,0.1,0.2,0.0,1.0,0.6,0.2,0.0,0.0,0.0,182.8,0.0,0.0,0.0,354,400
"2013","Koksi ja puhastatud naftatoodete tootmine",0.0,0.0,4918.7,0.0,0.0,0.0,0.0,0.0,0.0,0.0,0.0,0.0,3.0,0.0,0.0,2.6,2.4,2.4,0.0,0.0,230.8,0.0,0.0,0.0,0.0,0.0,180,238
"2013","keemia- ja farmaatsiatoodete tootmine",0.0,0.0,0.0,0.0,0.0,0.0,0.1,0.1,0.0,0.0,0.0,0.0,128.4,2.0,0.0,0.0,1.5,0.9,0.2,0.0,0.0,0.0,0.0,0.0,0.0,0.1,253,188
"2013","Kummi- ja plasttoodete tootmine",0.0,0.0,0.0,0.0,0.0,0.0,0.6,0.3,0.3,0.0,0.3,0.0,1.6,0.3,0.0,0.0,1.5,0.9,0.3,0.0,0.0,0.0,0.0,0.0,0.0,0.0,94,21
"2013","Muude mittemetalsetest mineraalidest toodete tootmine",39.5,5.2,155.8,0.0,0.1,0.0,1.3,0.6,0.7,0.0,0.7,0.1,25.9,0.0,0.0,0.0,5.1,4.2,0.2,0.0,0.0,0.0,2.6,66.3,0.0,0.1,194,50
"2013","Metallitootmine",0.7,0.0,0.0,0.0,0.0,0.0,0.1,0.0,0.1,0.0,0.1,0.0,1.8,0.0,0.0,0.0,0.1,0.1,0.0,0.0,0.0,0.0,0.0,0.0,0.0,0.0,7,2
"2013","Metalltoodete tootmine",0.1,0.0,0.0,0.0,0.0,0.0,1.5,1.4,0.1,0.0,0.1,0.1,6.7,0.2,0.0,0.1,4.2,3.4,0.9,0.0,0.0,0.0,0.0,0.0,0.0,0.0,129,64
"2013","arvutite, elektriseadmete ja transpordivahendite tootmine",0.0,0.0,0.0,0.0,0.0,0.0,4.0,1.9,2.1,1.6,0.5,0.2,4.7,0.1,0.2,0.1,2.3,1.2,0.5,0.0,0.0,0.0,0.0,0.0,0.0,0.1,175,81
"2013","Mööblitootmine",0.0,0.0,0.0,0.0,0.0,0.0,22.3,1.1,21.2,7.2,14.0,1.5,1.5,0.0,0.0,0.2,1.4,1.1,0.3,0.0,0.0,0.0,0.0,0.0,0.0,0.0,67,51
"2013","Muu tootmine",0.0,0.0,0.0,0.0,0.0,0.0,0.5,0.5,0.0,0.0,0.0,0.1,2.5,0.0,0.0,0.0,1.7,1.4,0.4,0.0,0.0,0.0,0.0,0.0,0.0,0.0,43,36
"2013","Elektrienergia-, auru- ja kuumaveevarustus",7.2,0.0,15412.1,118.2,8.0,0.0,1566.8,8.8,1558.0,1382.5,175.5,1.8,255.5,0.0,0.0,31.6,6.3,1.4,0.6,0.0,877.3,12.0,1.0,208.2,0.0,0.1,1555,160
"2013","Veevarustus ja kanalisatsioon",0.0,0.0,0.0,0.0,0.0,0.0,0.0,0.0,0.0,0.0,0.0,0.0,0.7,0.0,0.0,0.0,0.6,0.6,0.3,0.0,0.0,2.1,0.0,0.7,0.0,0.0,100,20
"2013","Jäätmetöötlus",0.0,0.0,0.0,0.0,0.0,0.0,0.2,0.2,0.0,0.0,0.0,0.0,1.1,0.0,0.1,0.0,4.5,4.5,0.2,0.0,0.0,3.4,0.0,0.0,0.0,0.0,17,15
"2013","Ehitus",0.0,0.0,0.0,0.0,0.0,0.0,10.3,1.6,8.7,8.4,0.3,0.0,6.9,0.2,0.0,2.5,57.4,54.3,9.9,0.0,0.0,0.0,0.0,0.0,48.0,0.3,84,33
"2013","Hulgi- ja jaekaubandus",0.4,0.0,0.0,0.0,0.0,0.0,13.3,4.9,8.4,2.1,6.3,1.0,6.2,0.5,0.4,0.1,46.9,45.3,13.5,0.0,0.0,0.0,0.0,0.0,0.0,0.0,582,150
"2013","Maismaaveondus",0.3,0.0,0.0,0.0,0.3,0.0,0.7,0.7,0.0,0.0,0.0,0.1,1.4,3.5,0.0,0.0,216.9,216.4,4.6,0.0,0.0,0.0,0.0,0.0,0.0,0.2,50,28
"2013","Veetransport",0.0,0.0,0.0,0.0,0.0,0.0,0.0,0.0,0.0,0.0,0.0,0.0,0.0,0.0,0.0,0.0,21.0,9.6,0.0,0.0,0.0,0.0,0.0,0.0,0.0,0.2,4,0
"2013","Õhutansport",0.0,0.0,0.0,0.0,0.0,0.0,0.0,0.0,0.0,0.0,0.0,0.0,0.0,0.0,0.0,0.0,0.0,0.0,0.0,28.0,0.0,0.0,0.0,0.0,0.0,0.0,0,0
"2013","Laondus, posti- ja kulleriteenistus",0.0,0.0,0.0,0.0,0.0,0.0,0.2,0.2,0.0,0.0,0.0,0.0,52.9,0.5,0.0,0.0,19.3,18.8,1.7,0.0,0.0,0.0,0.0,0.0,0.0,0.0,234,308
"2013","Majutus ja toitlustus",0.6,0.0,0.0,0.0,0.0,0.0,1.7,1.2,0.5,0.5,0.0,0.0,3.8,0.0,0.0,0.0,1.0,0.9,0.4,0.0,0.0,0.0,0.0,0.0,0.0,0.0,197,73
"2013","Info ja side",0.0,0.0,0.0,0.0,0.0,0.0,0.0,0.0,0.0,0.0,0.0,0.0,0.3,0.0,0.0,0.0,1.0,1.0,1.7,0.0,0.0,0.0,0.0,0.0,0.0,0.0,163,17
"2013","Finants- ja kindlustustegevus",0.0,0.0,0.0,0.0,0.0,0.0,0.1,0.1,0.0,0.0,0.0,0.0,0.1,0.0,0.0,0.0,0.3,0.3,0.4,0.0,0.0,0.0,0.0,0.0,0.0,0.0,15,6
"2013","Kinnisvaraalane tegevus",2.6,0.0,0.0,0.0,0.2,0.0,21.9,12.8,9.1,8.7,0.4,0.2,9.9,0.0,0.0,0.9,3.0,2.3,1.6,0.0,0.0,0.0,1.1,0.0,0.0,0.0,473,92
"2013","Kutse-, teadus- ja tehnikaalane tegevus",0.0,0.0,0.0,0.0,0.0,0.0,0.1,0.1,0.0,0.0,0.0,0.0,0.8,0.1,0.0,0.0,9.3,9.1,5.3,0.0,0.0,0.0,0.0,0.0,0.0,0.0,71,24
"2013","Haldus- ja abitegevused",0.0,0.0,0.0,0.0,0.0,1.6,0.3,0.3,0.0,0.0,0.0,0.2,2.6,0.1,0.0,0.0,6.7,6.6,3.0,0.0,0.0,0.0,0.0,0.0,0.0,0.0,17,12
"2013","Avalik haldus ja riigikaitse",0.4,0.0,0.0,0.0,0.0,0.0,12.5,8.8,3.7,3.7,0.0,1.8,1.7,0.1,0.0,0.7,9.6,5.9,2.3,0.2,0.0,0.0,0.0,0.0,0.0,0.1,350,488
"2013","Haridus",0.1,0.0,0.0,0.0,0.0,0.0,3.3,2.0,1.3,1.3,0.0,0.5,4.1,0.0,0.0,0.3,1.3,0.9,0.6,0.0,0.0,0.0,0.0,0.0,0.0,0.0,98,225
"2013","Tervishoid ja sotsiaalhoolekanne",0.1,0.0,0.0,0.0,0.0,0.2,1.5,1.5,0.0,0.0,0.0,0.0,2.2,0.0,0.0,0.0,2.0,1.1,1.1,0.0,0.0,0.0,0.0,0.0,0.0,0.0,114,148
"2013","Kunst, meelelahutus ja vaba aeg",0.0,0.0,0.0,0.0,0.0,0.0,0.1,0.1,0.0,0.0,0.0,0.2,1.3,0.0,0.0,0.0,9.1,9.1,0.7,0.0,0.0,0.0,0.0,0.0,0.0,0.0,78,83
"2013","Muud teenindavad tegevused",0.0,0.0,0.0,0.0,0.0,0.0,0.2,0.2,0.0,0.0,0.0,0.0,3.5,0.0,0.0,0.0,1.9,1.9,0.5,0.0,0.0,0.0,0.0,0.0,0.0,0.0,22,31
"2013","Kodumajapidamine",8.8,0.0,0.0,0.0,0.0,10.5,2105.1,..,..,..,..,13.9,63.5,3.0,0.0,0.0,70.0,66.0,177.0,0.0,0.0,0.0,0.0,0.0,0.0,0.0,1865,3839
"2014","Tegevusalad kokku",77.3,0.0,20628.8,206.6,17.1,12.0,4283.1,1568.3,2714.8,1661.8,1053.0,40.9,530.4,13.2,0.2,43.0,666.0,633.3,240.9,40.3,1073.3,22.3,188.2,295.3,40.3,1.9,8848,8017
"2014","Põllumajandus",0.2,0.0,0.0,0.0,0.0,0.0,9.5,4.2,5.3,5.0,0.3,0.6,7.9,0.3,0.0,0.6,85.2,79.1,2.3,0.0,0.0,4.0,3.0,0.0,0.0,0.2,186,106
"2014","Metsamajandus",0.0,0.0,0.0,0.0,0.0,0.0,15.3,0.5,14.8,0.0,14.8,0.0,0.0,0.0,0.0,0.0,27.5,27.5,1.5,0.0,0.0,0.0,0.0,0.0,0.0,0.2,9,4
"2014","Kalapüük",0.0,0.0,0.0,0.0,0.0,0.0,0.0,0.0,0.0,0.0,0.0,0.0,0.0,0.0,0.0,0.0,1.8,1.8,0.1,0.0,0.0,0.0,0.0,0.0,0.0,0.0,10,0
"2014","Põlevkivi kaevandamine",0.0,0.0,0.0,0.0,0.0,0.0,0.0,0.0,0.0,0.0,0.0,0.0,0.0,0.0,0.0,1.5,17.4,17.4,0.0,0.0,0.0,0.0,0.0,0.0,0.0,0.6,220,23
"2014","Turba tootmine ja muu kaevandamine",0.0,0.0,0.0,111.5,9.6,0.0,6.3,0.2,6.1,0.0,6.1,0.7,6.2,0.0,0.0,0.0,10.7,10.5,0.2,0.0,0.0,0.0,0.0,0.0,0.0,0.1,24,24
"2014","Toiduainete tootmine, joogitootmine",0.2,0.0,0.0,0.0,3.5,0.0,3.3,0.4,2.9,0.4,2.5,0.2,26.9,0.5,0.0,6.1,9.6,4.6,1.2,0.0,0.0,0.0,0.0,0.0,0.0,0.0,319,344
"2014","Tekstiili- ja rõivatootmine, nahatöötlemine ja nahktoodete tootmine",0.1,0.0,0.0,0.0,0.0,0.0,1.2,1.2,0.0,0.0,0.0,0.1,2.7,0.0,0.0,1.0,1.5,1.0,0.3,0.0,0.0,0.0,0.0,0.0,0.0,0.0,116,51
"2014","Puidutöötlemine",0.0,0.0,0.0,0.0,0.0,0.0,492.1,1.6,490.5,165.5,325.0,0.5,13.9,0.2,0.0,1.5,8.9,8.3,0.6,0.0,0.0,0.0,0.0,0.0,0.0,0.1,365,724
"2014","Paberi ja pabertoodete tootmine, trükindus ja salvestiste paljundus",0.0,0.0,0.0,0.0,0.0,0.0,27.0,0.3,26.7,0.0,26.7,0.0,26.5,0.1,0.1,0.0,1.1,1.0,0.2,0.0,0.0,3.0,178.3,0.0,0.0,0.0,367,407
"2014","Koksi ja puhastatud naftatoodete tootmine",0.0,0.0,5710.4,0.0,0.0,0.0,0.0,0.0,0.0,0.0,0.0,0.0,4.0,0.0,0.0,2.7,3.0,3.0,0.0,0.0,219.6,0.0,0.0,0.0,0.0,0.0,228,354
"2014","keemia- ja farmaatsiatoodete tootmine",0.0,0.0,0.0,0.0,0.0,0.0,0.2,0.2,0.0,0.0,0.0,0.0,4.9,1.4,0.0,0.0,1.2,1.0,0.1,0.0,0.0,0.0,0.0,0.0,0.0,0.0,152,139
"2014","Kummi- ja plasttoodete tootmine",0.0,0.0,0.0,0.0,0.0,0.0,0.3,0.1,0.2,0.0,0.2,0.0,1.4,0.3,0.0,0.0,1.7,1.0,0.5,0.0,0.0,0.0,0.0,0.0,0.0,0.0,93,23
"2014","Muude mittemetalsetest mineraalidest toodete tootmine",63.9,0.0,165.4,0.0,0.1,0.0,0.3,0.3,0.0,0.0,0.0,0.0,20.4,0.0,0.0,0.0,4.8,4.0,0.2,0.0,0.0,0.0,0.0,73.0,0.0,0.1,209,48
"2014","Metallitootmine",0.6,0.0,0.0,0.0,0.0,0.0,0.1,0.0,0.1,0.0,0.1,0.1,1.7,0.0,0.0,0.0,0.2,0.2,0.0,0.0,0.0,0.0,0.0,0.0,0.0,0.0,8,3
"2014","Metalltoodete tootmine",0.0,0.0,0.0,0.0,0.0,0.0,1.7,1.7,0.0,0.0,0.0,0.3,4.6,0.2,0.0,0.0,5.7,5.1,0.8,0.0,0.0,0.0,0.0,0.0,0.0,0.0,108,70
"2014","arvutite, elektriseadmete ja transpordivahendite tootmine",0.0,0.0,0.0,0.0,0.0,0.0,3.3,1.8,1.5,1.2,0.3,0.1,4.4,0.2,0.0,0.2,2.8,1.7,0.7,0.0,0.0,0.0,0.0,0.0,0.0,0.1,186,87
"2014","Mööblitootmine",0.0,0.0,0.0,0.0,0.0,0.0,25.9,0.6,25.3,3.8,21.5,1.0,1.6,0.0,0.0,0.2,1.5,1.3,0.3,0.0,0.0,0.0,0.0,0.0,0.0,0.0,73,61
"2014","Muu tootmine",0.0,0.0,0.0,0.0,0.0,0.0,0.6,0.6,0.0,0.0,0.0,0.1,2.5,0.4,0.0,0.0,1.4,1.3,0.3,0.0,0.0,0.0,0.0,0.0,0.0,0.0,31,37
"2014","Elektrienergia-, auru- ja kuumaveevarustus",3.0,0.0,14752.9,95.1,3.5,0.0,1611.2,18.5,1592.7,1468.8,123.9,2.1,229.2,0.0,0.0,24.8,4.4,1.4,0.3,0.0,853.7,11.5,1.9,221.4,0.0,0.0,1482,221
"2014","Veevarustus ja kanalisatsioon",0.0,0.0,0.0,0.0,0.0,0.0,0.1,0.1,0.0,0.0,0.0,0.0,1.7,0.0,0.0,0.0,0.7,0.7,0.3,0.0,0.0,2.6,0.0,0.0,0.0,0.0,93,23
"2014","Jäätmetöötlus",0.0,0.0,0.0,0.0,0.0,0.0,1.6,1.6,0.0,0.0,0.0,0.0,1.0,0.0,0.1,0.0,7.3,7.3,0.1,0.0,0.0,1.2,5.0,0.9,0.0,0.0,22,14
"2014","Ehitus",0.1,0.0,0.0,0.0,0.0,0.0,0.7,0.5,0.2,0.0,0.2,0.0,6.5,0.1,0.0,2.9,59.8,56.4,14.8,0.0,0.0,0.0,0.0,0.0,40.3,0.2,78,38
"2014","Hulgi- ja jaekaubandus",0.2,0.0,0.0,0.0,0.0,0.0,9.7,6.5,3.2,3.2,0.0,4.5,6.5,0.3,0.0,0.1,39.2,38.2,11.0,0.0,0.0,0.0,0.0,0.0,0.0,0.1,750,246
"2014","Maismaaveondus",0.5,0.0,0.1,0.0,0.0,0.0,0.6,0.6,0.0,0.0,0.0,0.0,3.2,4.2,0.0,0.0,230.3,229.9,3.5,0.0,0.0,0.0,0.0,0.0,0.0,0.2,46,26
"2014","Veetransport",0.0,0.0,0.0,0.0,0.0,0.0,0.0,0.0,0.0,0.0,0.0,0.0,0.0,0.0,0.0,0.0,9.2,9.2,0.0,0.0,0.0,0.0,0.0,0.0,0.0,0.0,4,0
"2014","Õhutansport",0.0,0.0,0.0,0.0,0.0,0.0,0.0,0.0,0.0,0.0,0.0,0.0,0.0,0.0,0.0,0.0,0.0,0.0,0.0,38.7,0.0,0.0,0.0,0.0,0.0,0.0,0,0
"2014","Laondus, posti- ja kulleriteenistus",0.0,0.0,0.0,0.0,0.0,0.0,0.1,0.1,0.0,0.0,0.0,0.0,50.2,0.8,0.0,0.0,18.4,18.0,1.6,0.6,0.0,0.0,0.0,0.0,0.0,0.0,242,224
"2014","Majutus ja toitlustus",0.0,0.0,0.0,0.0,0.0,0.0,1.7,0.9,0.8,0.8,0.0,0.1,4.5,0.1,0.0,0.0,1.5,1.5,1.1,0.0,0.0,0.0,0.0,0.0,0.0,0.0,345,150
"2014","Info ja side",0.0,0.0,0.0,0.0,0.0,0.0,0.0,0.0,0.0,0.0,0.0,0.0,0.3,0.0,0.0,0.0,1.9,1.9,2.4,0.0,0.0,0.0,0.0,0.0,0.0,0.0,154,23
"2014","Finants- ja kindlustustegevus",0.0,0.0,0.0,0.0,0.0,0.0,0.0,0.0,0.0,0.0,0.0,0.0,0.1,0.0,0.0,0.0,0.3,0.3,0.3,0.0,0.0,0.0,0.0,0.0,0.0,0.0,17,29
"2014","Kinnisvaraalane tegevus",0.7,0.0,0.0,0.0,0.4,0.0,14.8,5.8,9.0,7.3,1.7,0.7,18.5,0.0,0.0,0.6,3.1,2.3,1.4,0.0,0.0,0.0,0.0,0.0,0.0,0.0,472,188
"2014","Kutse-, teadus- ja tehnikaalane tegevus",0.0,0.0,0.0,0.0,0.0,0.0,0.0,0.0,0.0,0.0,0.0,0.0,0.8,0.0,0.0,0.0,4.8,4.8,4.8,0.0,0.0,0.0,0.0,0.0,0.0,0.0,50,31
"2014","Haldus- ja abitegevused",0.0,0.0,0.0,0.0,0.0,1.5,0.2,0.2,0.0,0.0,0.0,0.2,2.8,0.1,0.0,0.0,8.5,8.5,3.2,0.0,0.0,0.0,0.0,0.0,0.0,0.0,40,21
"2014","Avalik haldus ja riigikaitse",0.4,0.0,0.0,0.0,0.0,0.0,13.5,7.7,5.8,4.0,1.8,2.3,1.5,0.0,0.0,0.6,11.1,8.8,2.6,1.0,0.0,0.0,0.0,0.0,0.0,0.0,321,370
"2014","Haridus",0.1,0.0,0.0,0.0,0.0,0.0,4.3,2.5,1.8,1.8,0.0,0.2,4.0,0.0,0.0,0.1,1.5,1.0,1.0,0.0,0.0,0.0,0.0,0.0,0.0,0.0,77,185
"2014","Tervishoid ja sotsiaalhoolekanne",0.0,0.0,0.0,0.0,0.0,0.2,1.3,1.3,0.0,0.0,0.0,0.0,2.3,0.0,0.0,0.1,1.7,1.0,1.0,0.0,0.0,0.0,0.0,0.0,0.0,0.0,130,149
"2014","Kunst, meelelahutus ja vaba aeg",0.0,0.0,0.0,0.0,0.0,0.0,0.3,0.3,0.0,0.0,0.0,0.2,1.2,0.0,0.0,0.0,1.1,1.1,0.8,0.0,0.0,0.0,0.0,0.0,0.0,0.0,62,68
"2014","Muud teenindavad tegevused",0.0,0.0,0.0,0.0,0.0,0.0,0.2,0.2,0.0,0.0,0.0,0.0,3.0,0.0,0.0,0.0,1.2,1.2,0.4,0.0,0.0,0.0,0.0,0.0,0.0,0.0,23,36
"2014","Kodumajapidamine",7.3,0.0,0.0,0.0,0.0,10.3,2035.7,..,..,..,..,26.9,63.5,4.0,0.0,0.0,74.0,70.0,181.0,0.0,0.0,0.0,0.0,0.0,0.0,0.0,1739,3470
"2015","Tegevusalad kokku",29.5,0.0,17899.0,112.8,18.3,8.7,4508.6,1531.6,2977.0,1860.2,1116.8,44.1,471.0,18.1,0.7,50.4,691.0,649.3,236.3,24.2,911.9,26.6,177.6,292.7,71.1,3.4,8795,7789
"2015","Põllumajandus",0.3,0.0,0.0,0.0,0.0,0.0,13.2,6.3,6.9,6.5,0.4,1.3,8.4,2.3,0.1,2.4,84.1,77.7,2.1,0.0,0.0,3.0,0.9,0.0,0.0,0.3,186,98
"2015","Metsamajandus",0.0,0.0,0.0,0.0,0.0,0.0,7.6,7.1,0.5,0.0,0.5,0.3,0.2,0.0,0.0,0.1,29.0,29.0,1.4,0.0,0.0,0.0,0.0,0.0,0.0,0.2,13,3
"2015","Kalapüük",0.0,0.0,0.0,0.0,0.0,0.0,0.0,0.0,0.0,0.0,0.0,0.0,0.0,0.0,0.0,0.0,1.1,1.0,0.2,0.0,0.0,0.0,0.0,0.0,0.0,0.0,8,0
"2015","Põlevkivi kaevandamine",0.0,0.0,0.0,0.0,0.0,0.0,0.0,0.0,0.0,0.0,0.0,0.0,0.0,0.0,0.0,1.3,16.5,16.5,0.0,0.0,0.0,0.0,0.0,0.0,0.0,0.5,233,25
"2015","Turba tootmine ja muu kaevandamine",0.0,0.0,0.0,17.3,9.2,0.0,0.3,0.2,0.1,0.1,0.0,0.6,5.5,0.1,0.0,0.1,10.3,10.3,0.2,0.0,0.0,0.0,0.0,0.0,0.0,0.1,23,5
"2015","Toiduainete tootmine, joogitootmine",0.1,0.0,0.0,0.0,3.9,0.0,2.9,0.4,2.5,0.3,2.2,0.1,27.9,0.7,0.0,4.6,8.0,3.8,1.3,0.0,0.0,0.0,0.0,0.0,0.0,0.0,323,315
"2015","Tekstiili- ja rõivatootmine, nahatöötlemine ja nahktoodete tootmine",0.1,0.0,0.0,0.0,0.0,0.0,0.8,0.8,0.0,0.0,0.0,0.1,2.4,0.0,0.0,0.9,1.1,0.9,0.7,0.0,0.0,0.0,0.0,0.0,0.0,0.0,98,46
"2015","Puidutöötlemine",0.0,0.0,0.0,0.0,0.0,0.0,733.5,1.4,732.1,207.7,524.4,0.9,10.1,0.2,0.0,1.4,9.8,9.3,0.9,0.0,0.0,0.0,0.0,0.0,0.0,0.1,374,721
"2015","Paberi ja pabertoodete tootmine, trükindus ja salvestiste paljundus",0.0,0.0,0.0,0.0,0.0,0.0,25.9,0.3,25.6,0.0,25.6,0.0,27.2,0.1,0.1,0.0,1.1,1.0,0.5,0.0,0.0,0.0,173.9,0.0,0.0,0.0,369,406
"2015","Koksi ja puhastatud naftatoodete tootmine",0.0,0.0,6916.0,0.0,0.0,0.0,0.0,0.0,0.0,0.0,0.0,0.0,2.2,0.0,0.0,2.4,3.9,3.9,0.0,0.0,19.6,0.0,0.0,0.0,0.0,0.0,248,263
"2015","keemia- ja farmaatsiatoodete tootmine",0.0,0.0,0.0,0.0,0.0,0.0,0.9,0.1,0.8,0.8,0.0,0.0,4.1,1.6,0.0,0.0,2.6,2.6,0.3,0.0,0.0,0.0,0.0,0.0,0.0,0.0,135,126
"2015","Kummi- ja plasttoodete tootmine",0.0,0.0,0.0,0.0,0.0,0.0,0.8,0.2,0.6,0.3,0.3,0.1,1.2,0.4,0.0,0.0,1.8,0.9,0.5,0.0,0.0,0.0,0.0,0.0,0.0,0.0,104,30
"2015","Muude mittemetalsetest mineraalidest toodete tootmine",22.3,0.0,73.8,0.0,0.0,0.0,0.5,0.1,0.4,0.0,0.4,0.0,19.5,0.0,0.0,0.0,4.4,4.1,0.4,0.0,0.0,0.0,0.0,46.1,0.0,0.1,159,45
"2015","Metallitootmine",0.6,0.0,0.0,0.0,0.0,0.0,0.0,0.0,0.0,0.0,0.0,0.1,1.3,0.0,0.0,0.0,0.1,0.1,0.0,0.0,0.0,0.0,0.0,0.0,0.0,0.0,8,3
"2015","Metalltoodete tootmine",0.0,0.0,0.0,0.0,0.0,0.0,1.7,1.1,0.6,0.6,0.0,0.8,4.6,0.8,0.0,0.0,4.9,4.5,1.0,0.0,0.0,0.0,0.0,0.0,0.0,0.0,120,36
"2015","arvutite, elektriseadmete ja transpordivahendite tootmine",0.0,0.0,0.0,0.0,0.0,0.1,5.3,1.9,3.4,3.1,0.3,0.3,4.5,0.2,0.1,0.2,2.4,1.6,1.1,0.0,0.0,0.0,0.0,0.0,0.0,0.1,184,102
"2015","Mööblitootmine",0.0,0.0,0.0,0.0,0.0,0.0,23.7,0.7,23.0,5.4,17.6,1.7,1.6,0.0,0.0,0.3,1.7,1.5,0.5,0.0,0.0,0.0,0.0,0.0,0.0,0.0,65,60
"2015","Muu tootmine",0.0,0.0,0.0,0.0,0.0,0.0,0.3,0.3,0.0,0.0,0.0,0.0,2.3,0.4,0.0,0.0,1.7,1.4,0.5,0.0,0.0,0.0,0.0,0.0,0.0,0.0,28,45
"2015","Elektrienergia-, auru- ja kuumaveevarustus",0.2,0.0,10909.1,95.5,4.6,0.0,1641.1,5.4,1635.7,1613.6,22.1,0.4,182.8,0.0,0.0,34.1,6.2,3.0,0.4,0.0,892.3,10.6,2.8,244.6,0.0,0.0,1449,287
"2015","Veevarustus ja kanalisatsioon",0.0,0.0,0.0,0.0,0.0,0.0,0.1,0.1,0.0,0.0,0.0,0.0,2.3,0.0,0.0,0.0,0.6,0.6,0.3,0.0,0.0,2.5,0.0,0.0,0.0,0.0,96,20
"2015","Jäätmetöötlus",0.0,0.0,0.0,0.0,0.0,0.0,0.3,0.3,0.0,0.0,0.0,0.0,0.4,0.0,0.1,0.0,4.8,4.8,0.2,0.0,0.0,10.5,0.0,2.0,0.0,0.0,14,15
"2015","Ehitus",0.0,0.0,0.0,0.0,0.0,0.0,0.4,0.3,0.1,0.1,0.0,0.2,7.9,0.1,0.1,1.5,62.8,56.9,10.2,0.0,0.0,0.0,0.0,0.0,71.1,0.2,81,33
"2015","Hulgi- ja jaekaubandus",0.2,0.0,0.0,0.0,0.0,0.0,14.4,7.6,6.8,1.2,5.6,6.4,8.1,0.3,0.1,0.0,33.5,31.8,13.0,0.0,0.0,0.0,0.0,0.0,0.0,0.1,791,242
"2015","Maismaaveondus",0.1,0.0,0.1,0.0,0.0,0.0,0.7,0.7,0.0,0.0,0.0,0.4,4.1,5.0,0.0,0.0,215.7,215.5,3.0,0.0,0.0,0.0,0.0,0.0,0.0,0.2,45,24
"2015","Veetransport",0.0,0.0,0.0,0.0,0.0,0.0,0.0,0.0,0.0,0.0,0.0,0.0,0.0,0.0,0.1,0.0,50.2,44.2,0.1,0.0,0.0,0.0,0.0,0.0,0.0,0.0,2,0
"2015","Õhutansport",0.0,0.0,0.0,0.0,0.0,0.0,0.0,0.0,0.0,0.0,0.0,0.0,0.0,0.0,0.0,0.0,0.0,0.0,0.0,23.8,0.0,0.0,0.0,0.0,0.0,0.0,0,0
"2015","Laondus, posti- ja kulleriteenistus",0.0,0.0,0.0,0.0,0.0,0.0,0.1,0.1,0.0,0.0,0.0,0.0,31.3,0.0,0.0,0.0,14.8,13.0,2.4,0.0,0.0,0.0,0.0,0.0,0.0,0.2,231,258
"2015","Majutus ja toitlustus",0.0,0.0,0.0,0.0,0.0,0.0,7.9,7.0,0.9,0.9,0.0,1.6,3.8,0.1,0.0,0.0,1.2,1.2,0.8,0.0,0.0,0.0,0.0,0.0,0.0,0.0,239,117
"2015","Info ja side",0.0,0.0,0.0,0.0,0.0,0.0,0.0,0.0,0.0,0.0,0.0,0.0,0.3,0.0,0.0,0.0,1.8,1.8,2.3,0.0,0.0,0.0,0.0,0.0,0.0,0.0,130,17
"2015","Finants- ja kindlustustegevus",0.0,0.0,0.0,0.0,0.0,0.0,0.1,0.1,0.0,0.0,0.0,0.0,0.1,0.0,0.0,0.0,0.3,0.3,0.4,0.0,0.0,0.0,0.0,0.0,0.0,0.0,14,6
"2015","Kinnisvaraalane tegevus",0.7,0.0,0.0,0.0,0.6,0.0,18.7,5.3,13.4,13.4,0.0,1.5,32.2,0.0,0.0,0.7,3.4,2.6,1.7,0.0,0.0,0.0,0.0,0.0,0.0,0.0,673,370
"2015","Kutse-, teadus- ja tehnikaalane tegevus",0.0,0.0,0.0,0.0,0.0,0.0,0.1,0.1,0.0,0.0,0.0,0.1,0.9,0.0,0.0,0.0,3.5,3.5,3.4,0.0,0.0,0.0,0.0,0.0,0.0,0.0,60,47
"2015","Haldus- ja abitegevused",0.0,0.0,0.0,0.0,0.0,1.7,0.6,0.6,0.0,0.0,0.0,0.0,2.2,0.1,0.0,0.0,12.0,12.0,3.3,0.0,0.0,0.0,0.0,0.0,0.0,1.2,42,56
"2015","Avalik haldus ja riigikaitse",0.3,0.0,0.0,0.0,0.0,0.0,11.2,6.6,4.6,2.9,1.7,3.2,0.6,0.0,0.0,0.3,12.4,9.8,2.3,0.4,0.0,0.0,0.0,0.0,0.0,0.1,272,338
"2015","Haridus",0.1,0.0,0.0,0.0,0.0,0.0,5.3,2.0,3.3,3.3,0.0,0.2,3.2,0.0,0.0,0.0,1.7,1.3,1.2,0.0,0.0,0.0,0.0,0.0,0.0,0.0,56,99
"2015","Tervishoid ja sotsiaalhoolekanne",0.0,0.0,0.0,0.0,0.0,0.0,0.9,0.9,0.0,0.0,0.0,0.4,1.8,0.1,0.0,0.1,1.7,1.2,1.6,0.0,0.0,0.0,0.0,0.0,0.0,0.0,132,162
"2015","Kunst, meelelahutus ja vaba aeg",0.0,0.0,0.0,0.0,0.0,0.0,0.7,0.7,0.0,0.0,0.0,0.8,0.9,0.0,0.0,0.0,1.4,1.4,0.8,0.0,0.0,0.0,0.0,0.0,0.0,0.0,45,44
"2015","Muud teenindavad tegevused",0.1,0.0,0.0,0.0,0.0,0.0,0.1,0.1,0.0,0.0,0.0,0.0,3.2,0.2,0.0,0.0,1.3,1.3,0.3,0.0,0.0,0.0,0.0,0.0,0.0,0.0,20,30
"2015","Kodumajapidamine",4.4,0.0,0.0,0.0,0.0,6.9,1988.5,..,..,..,..,22.6,61.9,5.4,0.0,0.0,77.2,73.0,177.0,0.0,0.0,0.0,0.0,0.0,0.0,0.0,1728,3297
"2016","Tegevusalad kokku",28.9,0.0,18840.3,110.1,14.4,2.0,4646.6,1543.7,3102.9,2002.2,1100.7,110.9,518.7,21.6,2.1,51.4,682.0,644.7,252.2,21.0,808.0,25.0,183.3,490.7,46.1,2.7,9416,8640
"2016","Põllumajandus",4.8,0.0,0.0,0.0,0.0,0.0,9.3,5.2,4.1,3.7,0.4,1.1,10.0,1.8,0.1,1.5,81.8,77.8,1.8,0.0,0.0,4.0,1.7,0.0,0.0,0.2,201,102
"2016","Metsamajandus",0.0,0.0,0.0,0.0,0.0,0.0,11.7,11.1,0.6,0.0,0.6,0.5,0.0,0.1,0.0,0.0,31.9,31.6,1.7,0.0,0.0,0.0,0.0,0.0,0.0,0.2,8,3
"2016","Kalapüük",0.0,0.0,0.0,0.0,0.0,0.0,0.0,0.0,0.0,0.0,0.0,0.0,0.0,0.0,0.0,0.0,1.6,1.6,0.1,0.0,0.0,0.0,0.0,0.0,0.0,0.0,6,0
"2016","Põlevkivi kaevandamine",0.0,0.0,0.0,0.0,0.0,0.0,0.0,0.0,0.0,0.0,0.0,0.0,0.0,0.0,0.0,1.5,14.1,14.1,0.0,0.0,0.0,0.0,0.0,0.0,0.0,0.4,201,26
"2016","Turba tootmine ja muu kaevandamine",0.0,0.0,0.0,4.1,10.6,0.0,1.0,0.0,1.0,1.0,0.0,0.4,6.7,0.1,0.2,0.0,11.5,9.5,0.2,0.0,0.0,0.0,0.0,0.0,0.0,0.1,24,13
"2016","Toiduainete tootmine, joogitootmine",0.1,0.0,1.3,0.0,1.1,0.0,1.3,0.3,1.0,0.4,0.6,0.2,29.2,1.0,0.0,3.9,6.9,2.9,1.2,0.0,0.0,0.0,0.0,0.0,0.0,0.0,322,344
"2016","Tekstiili- ja rõivatootmine, nahatöötlemine ja nahktoodete tootmine",0.0,0.0,0.0,0.0,0.0,0.0,1.0,1.0,0.0,0.0,0.0,0.1,2.9,0.1,0.0,0.9,0.6,0.6,0.4,0.0,0.0,0.0,0.0,0.0,0.0,0.0,75,48
"2016","Puidutöötlemine",0.0,0.0,0.0,0.0,0.0,0.0,520.8,1.1,519.7,214.9,374.8,38.0,16.6,0.3,0.1,1.3,8.7,8.3,0.8,0.0,0.0,0.0,0.0,0.0,0.0,0.1,412,786
"2016","Paberi ja pabertoodete tootmine, trükindus ja salvestiste paljundus",0.0,0.0,0.0,0.0,0.0,0.0,24.2,0.0,24.2,0.0,24.2,0.0,29.0,0.0,0.1,0.0,1.2,1.1,0.2,0.0,0.0,0.0,179.9,0.0,0.0,0.0,403,450
"2016","Koksi ja puhastatud naftatoodete tootmine",0.0,0.0,6103.0,0.0,0.0,0.0,0.0,0.0,0.0,0.0,0.0,0.0,2.7,0.0,0.1,2.4,0.0,0.0,0.0,0.0,8.9,0.0,0.0,0.0,0.0,0.0,238,243
"2016","keemia- ja farmaatsiatoodete tootmine",0.0,0.0,0.0,0.0,0.0,0.0,0.1,0.1,0.0,0.0,0.0,0.0,5.2,0.7,0.0,0.0,8.8,8.8,0.2,0.0,0.0,0.0,0.0,0.0,0.0,0.0,115,228
"2016","Kummi- ja plasttoodete tootmine",0.0,0.0,0.0,0.0,0.0,0.0,0.2,0.2,0.0,0.0,0.0,0.1,1.9,0.2,0.0,0.0,1.1,0.8,0.2,0.0,0.0,0.0,0.0,0.0,0.0,0.0,94,25
"2016","Muude mittemetalsetest mineraalidest toodete tootmine",19.2,0.0,48.3,0.0,0.0,0.0,0.2,0.2,0.0,0.0,0.0,0.0,21.0,0.0,0.1,0.0,4.1,3.8,0.3,0.0,0.0,0.0,0.0,56.8,0.0,0.1,161,56
"2016","Metallitootmine",0.8,0.0,0.0,0.0,0.0,0.0,0.0,0.0,0.0,0.0,0.0,0.1,1.7,0.1,0.0,0.0,0.1,0.1,0.0,0.0,0.0,0.0,0.0,0.0,0.0,0.0,13,15
"2016","Metalltoodete tootmine",0.0,0.0,0.0,0.0,0.0,0.0,5.4,0.7,4.7,4.7,0.0,0.9,2.4,0.8,0.1,0.2,3.2,3.0,0.7,0.0,0.0,0.0,0.0,0.0,0.0,0.0,127,34
"2016","arvutite, elektriseadmete ja transpordivahendite tootmine",0.0,0.0,0.0,0.0,0.0,0.0,4.3,1.7,2.6,2.4,0.2,0.2,4.4,0.2,0.1,0.0,2.4,1.9,0.5,0.0,0.0,0.0,0.0,0.0,0.0,0.1,199,83
"2016","Mööblitootmine",0.0,0.0,0.0,0.0,0.0,0.0,22.2,0.5,21.7,3.9,17.8,0.6,1.4,0.2,0.0,0.1,2.2,2.0,0.5,0.0,0.0,0.0,0.0,0.0,0.0,0.0,71,49
"2016","Muu tootmine",0.0,0.0,0.0,0.0,0.0,0.0,0.5,0.4,0.1,0.0,0.1,0.1,2.2,0.3,0.0,0.3,2.2,1.2,0.5,0.0,0.0,0.0,0.0,0.0,0.0,0.0,35,30
"2016","Elektrienergia-, auru- ja kuumaveevarustus",0.0,0.0,12687.2,106.0,0.3,0.0,1777.1,10.8,1766.3,1718.5,47.8,0.8,196.4,0.0,0.1,32.1,14.0,9.0,2.0,0.0,799.1,3.5,1.7,432.0,0.0,0.0,1779,407
"2016","Veevarustus ja kanalisatsioon",0.0,0.0,0.0,0.0,0.0,0.0,0.0,0.0,0.0,0.0,0.0,0.0,0.5,0.0,0.0,0.0,0.7,0.7,0.4,0.0,0.0,7.5,0.0,0.0,0.0,0.0,102,16
"2016","Jäätmetöötlus",0.0,0.0,0.0,0.0,0.0,0.0,0.1,0.1,0.0,0.0,0.0,0.0,1.4,0.0,0.0,0.0,5.4,5.4,0.1,0.0,0.0,10.0,0.0,1.9,0.0,0.0,21,15
"2016","Ehitus",0.2,0.0,0.0,0.0,0.0,0.0,1.5,0.7,0.8,0.0,0.8,2.2,10.7,1.4,0.1,5.6,61.1,57.1,13.8,0.0,0.0,0.0,0.0,0.0,46.1,0.6,83,45
"2016","Hulgi- ja jaekaubandus",0.1,0.0,0.0,0.0,0.0,0.0,34.4,5.9,28.5,9.2,19.3,8.5,9.6,0.2,0.5,0.2,30.9,30.3,11.6,0.0,0.0,0.0,0.0,0.0,0.0,0.1,818,393
"2016","Maismaaveondus",0.0,0.0,0.0,0.0,0.2,0.0,0.6,0.6,0.0,0.0,0.0,1.5,6.9,5.6,0.1,0.0,210.5,209.9,3.8,0.0,0.0,0.0,0.0,0.0,0.0,0.5,46,23
"2016","Veetransport",0.0,0.0,0.0,0.0,0.0,0.0,0.0,0.0,0.0,0.0,0.0,0.0,0.0,0.0,0.3,0.0,34.6,34.4,0.1,0.0,0.0,0.0,0.0,0.0,0.0,0.0,3,0
"2016","Õhutansport",0.0,0.0,0.0,0.0,0.0,0.0,0.0,0.0,0.0,0.0,0.0,0.0,0.0,0.0,0.0,0.0,0.0,0.0,0.0,20.5,0.0,0.0,0.0,0.0,0.0,0.0,0,0
"2016","Laondus, posti- ja kulleriteenistus",0.0,0.0,0.0,0.0,0.0,0.0,0.1,0.1,0.0,0.0,0.0,0.0,32.0,0.9,0.0,0.0,16.3,16.3,1.6,0.0,0.0,0.0,0.0,0.0,0.0,0.1,231,186
"2016","Majutus ja toitlustus",0.0,0.0,0.0,0.0,0.0,0.0,7.6,5.3,2.3,2.3,0.0,3.7,5.6,0.1,0.1,0.0,1.9,1.6,1.2,0.0,0.0,0.0,0.0,0.0,0.0,0.0,246,111
"2016","Info ja side",0.0,0.0,0.0,0.0,0.0,0.0,0.5,0.5,0.0,0.0,0.0,0.0,0.4,0.0,0.0,0.0,1.2,0.9,2.4,0.0,0.0,0.0,0.0,0.0,0.0,0.0,130,16
"2016","Finants- ja kindlustustegevus",0.0,0.0,0.0,0.0,0.0,0.0,0.0,0.0,0.0,0.0,0.0,0.0,0.2,0.0,0.0,0.0,0.2,0.2,0.3,0.0,0.0,0.0,0.0,0.0,0.0,0.0,14,5
"2016","Kinnisvaraalane tegevus",0.0,0.0,0.0,0.0,0.4,0.0,40.1,5.1,35.0,33.1,1.9,11.3,34.8,0.0,0.0,0.5,2.7,2.7,2.1,0.0,0.0,0.0,0.0,0.0,0.0,0.0,665,399
"2016","Kutse-, teadus- ja tehnikaalane tegevus",0.0,0.0,0.0,0.0,0.0,0.0,0.5,0.5,0.0,0.0,0.0,0.0,1.0,0.0,0.0,0.0,6.9,5.6,6.0,0.0,0.0,0.0,0.0,0.0,0.0,0.0,62,77
"2016","Haldus- ja abitegevused",0.0,0.0,0.0,0.0,0.0,2.0,4.1,4.1,0.0,0.0,0.0,0.0,2.3,0.1,0.0,0.0,17.0,11.0,3.9,0.0,0.0,0.0,0.0,0.0,0.0,0.1,44,64
"2016","Avalik haldus ja riigikaitse",0.3,0.0,0.5,0.0,0.0,0.0,11.5,6.5,5.0,5.0,0.0,3.7,0.7,0.1,0.0,0.8,11.5,11.5,3.0,0.5,0.0,0.0,0.0,0.0,0.0,0.1,291,389
"2016","Haridus",0.1,0.0,0.0,0.0,1.8,0.0,4.3,1.5,2.8,2.8,0.0,0.4,3.4,0.0,0.0,0.0,4.2,1.8,2.5,0.0,0.0,0.0,0.0,0.0,0.0,0.0,59,88
"2016","Tervishoid ja sotsiaalhoolekanne",0.1,0.0,0.0,0.0,0.0,0.0,0.9,0.9,0.0,0.0,0.0,0.5,1.7,0.1,0.0,0.1,1.3,1.0,1.3,0.0,0.0,0.0,0.0,0.0,0.0,0.0,143,170
"2016","Kunst, meelelahutus ja vaba aeg",0.0,0.0,0.0,0.0,0.0,0.0,1.2,0.5,0.7,0.0,0.7,0.4,0.6,0.0,0.0,0.0,1.1,0.8,1.0,0.0,0.0,0.0,0.0,0.0,0.0,0.0,44,42
"2016","Muud teenindavad tegevused",0.0,0.0,0.0,0.0,0.0,0.0,0.0,0.0,0.0,0.0,0.0,0.0,2.7,0.2,0.0,0.0,1.4,1.4,0.4,0.0,0.0,0.0,0.0,0.0,0.0,0.0,19,32
"2016","Kodumajapidamine",3.2,0.0,0.0,0.0,0.0,0.0,2062.0,..,..,..,..,35.6,70.5,7.0,0.0,0.0,76.7,74.0,185.2,0.0,0.0,0.0,0.0,0.0,0.0,0.0,1913,3627
"2017","Tegevusalad kokku",47.8,0.0,22084.5,130.6,20.7,0.0,5472.2,53.6,3312.0,2837.7,474.1,119.1,491.7,24.7,2.7,42.5,687.7,653.5,260.3,59.4,1019.5,29.7,189.4,312.6,68.9,2.0,9532,9320
"2017","Põllumajandus",1.7,0.0,0.0,0.0,0.0,0.0,9.1,3.2,5.9,5.8,0.1,1.1,9.0,1.5,0.1,3.1,76.4,67.0,1.3,0.0,0.0,4.0,0.5,0.0,0.0,0.2,157,95
"2017","Metsamajandus",0.0,0.0,0.0,0.0,0.0,0.0,12.8,10.6,2.2,1.5,0.7,0.9,0.0,0.0,0.0,0.0,26.6,23.5,1.8,0.0,0.0,0.0,0.0,0.0,0.0,0.2,9,4
"2017","Kalapüük",0.0,0.0,0.0,0.0,0.0,0.0,0.0,0.0,0.0,0.0,0.0,0.0,0.0,0.0,0.0,0.0,1.6,1.6,0.1,0.0,0.0,0.0,0.0,0.0,0.0,0.0,9,0
"2017","Põlevkivi kaevandamine",0.0,0.0,0.0,0.0,0.0,0.0,0.0,0.0,0.0,0.0,0.0,0.0,0.0,0.0,0.0,1.6,15.8,15.8,0.0,0.0,0.0,0.0,0.0,0.0,0.0,0.4,241,26
"2017","Turba tootmine ja muu kaevandamine",0.0,0.0,0.0,5.3,15.6,0.0,2.0,0.1,1.9,1.9,0.0,0.3,8.5,0.1,0.0,0.1,8.4,8.4,0.2,0.0,0.0,0.0,0.0,0.0,0.0,0.1,25,10
"2017","Toiduainete tootmine, joogitootmine",0.1,0.0,1.3,0.0,0.0,0.0,24.4,0.2,24.2,23.5,0.6,0.1,31.1,1.3,0.1,2.8,3.7,2.7,1.0,0.0,0.0,0.0,0.0,0.0,0.0,0.0,310,389
"2017","Tekstiili- ja rõivatootmine, nahatöötlemine ja nahktoodete tootmine",0.1,0.0,0.0,0.0,0.0,0.0,0.7,0.7,0.1,0.1,0.0,2.9,2.0,0.0,0.0,0.9,0.7,0.6,0.3,0.0,0.0,0.0,0.0,0.0,0.0,0.0,69,48
"2017","Puidutöötlemine",0.0,0.0,0.0,0.0,0.0,0.0,635.4,1.1,634.3,362.4,271.9,46.2,10.4,0.4,0.1,0.1,10.9,10.7,0.8,0.0,0.0,6.0,0.0,0.0,0.0,0.1,485,799
"2017","Paberi ja pabertoodete tootmine, trükindus ja salvestiste paljundus",0.0,0.0,0.0,0.0,0.0,0.0,28.1,0.0,28.0,0.0,28.0,0.0,28.1,0.0,0.1,0.0,0.9,0.9,0.3,0.0,0.0,0.0,187.3,0.0,0.0,0.0,395,457
"2017","Koksi ja puhastatud naftatoodete tootmine",0.0,0.0,5149.9,0.0,0.0,0.0,0.0,0.0,0.0,0.0,0.0,0.0,1.8,0.0,0.0,0.4,3.9,3.9,0.0,0.0,196.3,0.0,0.0,0.0,0.0,0.0,175,423
"2017","keemia- ja farmaatsiatoodete tootmine",0.0,0.0,0.0,0.0,0.0,0.0,0.1,0.1,0.0,0.0,0.0,0.0,7.6,2.2,0.0,0.0,0.9,0.9,0.1,0.0,0.0,1.1,0.0,0.0,0.0,0.0,112,214
"2017","Kummi- ja plasttoodete tootmine",0.0,0.0,0.0,0.0,0.0,0.0,0.2,0.2,0.0,0.0,0.0,0.1,2.0,0.6,0.0,0.0,0.9,0.7,0.2,0.0,0.0,0.0,0.0,0.0,0.0,0.0,92,27
"2017","Muude mittemetalsetest mineraalidest toodete tootmine",32.9,0.0,97.5,0.0,0.0,0.0,0.2,0.2,0.0,0.0,0.0,0.0,19.5,0.1,0.1,0.0,3.4,3.1,0.3,0.0,0.0,0.0,0.0,74.6,0.0,0.1,186,80
"2017","Metallitootmine",0.8,0.0,0.0,0.0,0.0,0.0,0.0,0.0,0.1,0.0,0.1,0.1,1.5,0.1,0.0,0.0,0.1,0.1,0.0,0.0,0.0,0.0,0.0,0.0,0.0,0.0,17,2
"2017","Metalltoodete tootmine",0.0,0.0,0.0,0.0,0.0,0.0,3.4,1.8,1.7,1.7,0.0,1.8,4.5,0.6,0.8,0.3,4.1,3.8,0.8,0.0,0.0,0.0,0.0,0.0,0.0,0.0,121,45
"2017","arvutite, elektriseadmete ja transpordivahendite tootmine",0.0,0.0,0.0,0.0,0.0,0.0,4.0,1.9,2.1,2.1,0.0,0.4,4.3,0.3,0.1,0.0,3.8,2.3,0.6,0.0,0.0,0.0,0.0,0.0,0.0,0.1,197,77
"2017","Mööblitootmine",0.0,0.0,0.0,0.0,0.0,0.0,18.3,0.8,17.5,2.9,14.6,0.8,1.6,0.0,0.0,0.1,2.0,1.8,0.5,0.0,0.0,0.0,0.0,0.0,0.0,0.0,78,47
"2017","Muu tootmine",0.0,0.0,0.0,0.0,0.0,0.0,0.7,0.5,0.1,0.0,0.1,0.2,2.4,0.3,0.0,0.3,1.7,1.7,0.4,0.0,0.0,0.0,0.0,0.0,0.0,0.0,33,24
"2017","Elektrienergia-, auru- ja kuumaveevarustus",7.8,0.0,16834.9,125.3,0.2,0.0,2551.3,7.3,2544.0,2409.4,134.6,4.6,187.2,0.0,0.1,24.8,5.2,5.0,2.2,0.0,823.2,10.5,1.6,236.0,0.0,0.0,1801,351
"2017","Veevarustus ja kanalisatsioon",0.0,0.0,0.0,0.0,0.0,0.0,0.0,0.0,0.0,0.0,0.0,0.0,2.1,0.0,0.0,0.0,1.2,1.2,0.4,0.0,0.0,1.5,0.0,0.0,0.0,0.0,127,19
"2017","Jäätmetöötlus",0.0,0.0,0.0,0.0,0.0,0.0,0.2,0.2,0.0,0.0,0.0,0.0,1.3,0.0,0.0,0.0,5.8,5.7,0.2,0.0,0.0,6.6,0.0,2.0,0.0,0.0,28,20
"2017","Ehitus",0.2,0.0,0.0,0.0,1.4,0.0,3.3,2.4,0.9,0.0,0.9,1.3,7.8,1.1,0.3,6.3,69.2,65.9,12.5,0.0,0.0,0.0,0.0,0.0,68.9,0.1,89,62
"2017","Hulgi- ja jaekaubandus",0.1,0.0,0.9,0.0,0.0,0.0,35.1,6.0,29.1,9.5,19.6,2.5,17.7,0.4,0.6,0.7,38.6,37.7,17.4,0.0,0.0,0.0,0.0,0.0,0.0,0.1,826,400
"2017","Maismaaveondus",0.0,0.0,0.0,0.0,0.0,0.0,0.4,0.4,0.0,0.0,0.0,2.3,8.3,6.7,0.0,0.0,226.4,226.3,3.7,0.0,0.0,0.0,0.0,0.0,0.0,0.2,61,38
"2017","Veetransport",0.0,0.0,0.0,0.0,0.0,0.0,0.0,0.0,0.0,0.0,0.0,0.0,16.2,0.0,0.0,0.0,20.1,20.1,0.1,0.0,0.0,0.0,0.0,0.0,0.0,0.0,39,0
"2017","Õhutansport",0.0,0.0,0.0,0.0,0.0,0.0,0.0,0.0,0.0,0.0,0.0,0.0,0.0,0.0,0.0,0.0,0.0,0.0,0.0,59.2,0.0,0.0,0.0,0.0,0.0,0.0,0,0
"2017","Laondus, posti- ja kulleriteenistus",0.0,0.0,0.0,0.0,0.0,0.0,0.0,0.0,0.0,0.0,0.0,0.1,22.0,0.3,0.0,0.0,23.1,21.2,2.3,0.0,0.0,0.0,0.0,0.0,0.0,0.1,264,215
"2017","Majutus ja toitlustus",0.0,0.0,0.0,0.0,0.0,0.0,5.2,3.4,1.9,1.9,0.0,1.3,4.3,0.1,0.2,0.0,1.7,1.5,0.6,0.0,0.0,0.0,0.0,0.0,0.0,0.0,217,117
"2017","Info ja side",0.0,0.0,0.0,0.0,0.0,0.0,0.2,0.2,0.0,0.0,0.0,0.0,0.6,0.1,0.0,0.0,1.7,1.7,1.9,0.0,0.0,0.0,0.0,0.0,0.0,0.0,160,31
"2017","Finants- ja kindlustustegevus",0.0,0.0,0.0,0.0,0.0,0.0,0.0,0.0,0.0,0.0,0.0,0.0,0.2,0.0,0.0,0.0,0.2,0.2,0.4,0.0,0.0,0.0,0.0,0.0,0.0,0.0,12,6
"2017","Kinnisvaraalane tegevus",0.0,0.0,0.0,0.0,0.0,0.0,12.0,4.2,7.8,6.0,1.7,1.2,9.5,0.0,0.1,0.5,2.8,2.8,1.0,0.0,0.0,0.0,0.0,0.0,0.0,0.0,553,382
"2017","Kutse-, teadus- ja tehnikaalane tegevus",0.0,0.0,0.0,0.0,0.0,0.0,0.9,0.1,0.8,0.0,0.8,0.7,1.3,0.0,0.0,0.0,4.9,4.9,5.0,0.0,0.0,0.0,0.0,0.0,0.0,0.0,49,28
"2017","Haldus- ja abitegevused",0.0,0.0,0.0,0.0,2.1,0.0,3.6,3.6,0.0,0.0,0.0,0.3,2.4,0.8,0.0,0.0,22.0,14.0,5.0,0.0,0.0,0.0,0.0,0.0,0.0,0.2,48,53
"2017","Avalik haldus ja riigikaitse",0.0,0.0,0.0,0.0,0.0,0.0,7.3,1.6,5.7,5.7,0.0,3.4,0.9,0.1,0.0,0.1,15.9,15.4,4.1,0.2,0.0,0.0,0.0,0.0,0.0,0.1,269,674
"2017","Haridus",0.1,0.0,0.0,0.0,1.4,0.0,4.8,2.0,2.9,2.9,0.0,0.4,3.4,0.1,0.0,0.1,1.8,1.6,2.5,0.0,0.0,0.0,0.0,0.0,0.0,0.0,96,125
"2017","Tervishoid ja sotsiaalhoolekanne",0.0,0.0,0.0,0.0,0.0,0.0,0.7,0.7,0.0,0.0,0.0,0.5,1.8,0.3,0.0,0.3,1.9,1.6,1.3,0.0,0.0,0.0,0.0,0.0,0.0,0.0,185,240
"2017","Kunst, meelelahutus ja vaba aeg",0.0,0.0,0.0,0.0,0.0,0.0,0.8,0.1,0.8,0.4,0.4,0.6,0.7,0.0,0.0,0.0,1.6,1.6,0.6,0.0,0.0,0.0,0.0,0.0,0.0,0.0,44,61
"2017","Muud teenindavad tegevused",0.0,0.0,0.0,0.0,0.0,0.0,0.0,0.0,0.0,0.0,0.0,0.0,2.7,0.2,0.0,0.0,0.7,0.6,0.4,0.0,0.0,0.0,0.0,0.0,0.0,0.0,15,30
"2017","Kodumajapidamine",4.0,0.0,0.0,0.0,0.0,0.0,2107.0,..,..,..,..,45.0,67.0,6.5,0.0,0.0,77.1,75.0,190.0,0.0,0.0,0.0,0.0,0.0,0.0,0.0,1940,3700
"2018","Tegevusalad kokku",49.6,0.0,21374.0,108.5,12.9,0.3,5396.1,1531.2,3864.9,2695.8,1170.2,79.1,499.9,20.1,2.7,40.4,707.1,660.6,259.8,69.0,1154.5,26.9,200.7,297.7,57.7,1.6,9685,8927
"2018","Põllumajandus",0.3,0.0,0.2,0.0,0.0,0.0,7.5,5.6,1.9,1.9,0.1,0.7,7.5,0.6,0.1,1.9,75.2,66.0,1.1,0.0,0.0,0.0,0.3,0.0,0.0,0.2,152,71
"2018","Metsamajandus",0.0,0.0,0.0,0.0,0.0,0.0,0.1,0.1,0.0,0.0,0.0,0.2,0.0,0.1,0.0,0.0,22.2,22.2,1.1,0.0,0.0,0.0,0.0,0.0,0.0,0.2,4,0
"2018","Kalapüük",0.0,0.0,0.0,0.0,0.0,0.0,0.0,0.0,0.0,0.0,0.0,0.0,0.1,0.0,0.0,0.0,1.9,1.8,0.1,0.0,0.0,0.0,0.0,0.0,0.0,0.0,9,0
"2018","Põlevkivi kaevandamine",0.0,0.0,0.0,0.0,0.0,0.0,0.0,0.0,0.0,0.0,0.0,0.0,0.0,0.0,0.0,1.6,15.6,15.6,0.0,0.0,0.0,0.0,0.0,0.0,0.0,0.4,205,28
"2018","Turba tootmine ja muu kaevandamine",0.0,0.0,0.0,1.0,12.6,0.0,1.1,0.1,1.0,1.0,0.0,0.2,7.3,0.1,0.0,0.0,10.7,10.7,0.1,0.0,0.0,0.0,0.0,0.0,0.0,0.0,26,6
"2018","Toiduainete tootmine, joogitootmine",0.1,0.0,0.0,0.0,0.0,0.0,12.8,0.1,12.7,12.3,0.4,0.2,33.0,1.0,0.1,2.3,3.6,2.9,0.8,0.0,0.0,0.0,0.0,0.0,0.0,0.0,291,379
"2018","Tekstiili- ja rõivatootmine, nahatöötlemine ja nahktoodete tootmine",0.0,0.0,0.0,0.0,0.0,0.0,1.1,0.8,0.2,0.2,0.0,0.5,2.5,0.1,0.0,0.8,0.8,0.7,0.4,0.0,0.0,0.0,0.0,0.0,0.0,0.0,61,42
"2018","Puidutöötlemine",0.0,0.0,0.0,0.0,0.0,0.0,844.1,1.0,843.2,328.7,515.5,13.2,14.1,0.0,0.0,0.5,11.9,11.5,0.9,0.0,0.0,0.0,0.0,0.0,0.0,0.1,532,765
"2018","Paberi ja pabertoodete tootmine, trükindus ja salvestiste paljundus",0.0,0.0,0.0,0.0,0.0,0.0,117.0,0.0,117.0,117.0,0.0,0.0,22.7,0.0,0.1,0.0,0.8,0.7,0.2,0.0,0.0,0.0,194.8,0.0,0.0,0.0,382,287
"2018","Koksi ja puhastatud naftatoodete tootmine",0.0,0.0,5563.7,0.0,0.0,0.0,0.0,0.0,0.0,0.0,0.0,0.0,2.1,0.0,0.0,4.7,3.5,3.5,0.0,0.0,291.9,0.0,0.0,0.0,0.0,0.0,186,335
"2018","keemia- ja farmaatsiatoodete tootmine",0.0,0.0,0.0,0.0,0.0,0.0,0.0,0.0,0.0,0.0,0.0,0.0,8.4,1.0,0.0,0.0,0.3,0.3,0.2,0.0,0.0,0.2,0.0,0.0,0.0,0.0,115,201
"2018","Kummi- ja plasttoodete tootmine",0.0,0.0,0.0,0.0,0.0,0.0,0.1,0.1,0.0,0.0,0.0,0.1,1.7,0.0,0.0,0.0,0.9,0.8,0.2,0.0,0.0,0.0,0.0,0.0,0.0,0.0,91,25
"2018","Muude mittemetalsetest mineraalidest toodete tootmine",44.1,0.0,106.3,0.0,0.0,0.0,0.8,0.8,0.0,0.0,0.0,0.0,19.9,0.3,0.0,0.0,4.1,3.8,0.4,0.0,0.0,0.0,0.0,62.6,0.0,0.1,194,49
"2018","Metallitootmine",0.0,0.0,0.0,0.0,0.0,0.0,0.0,0.0,0.0,0.0,0.0,0.0,0.5,0.2,0.0,0.0,0.1,0.1,0.0,0.0,0.0,0.0,0.0,0.0,0.0,0.0,12,2
"2018","Metalltoodete tootmine",0.0,0.0,0.0,0.0,0.0,0.0,2.8,1.3,1.5,1.5,0.0,2.4,3.0,0.4,0.1,0.3,4.6,4.1,0.8,0.0,0.0,0.0,0.0,0.0,0.0,0.0,130,49
"2018","arvutite, elektriseadmete ja transpordivahendite tootmine",0.0,0.0,0.0,0.0,0.0,0.0,5.0,1.3,3.7,3.7,0.0,0.5,5.1,0.0,0.0,0.2,2.8,2.5,0.8,0.0,0.0,0.0,0.0,0.0,0.0,0.1,255,118
"2018","Mööblitootmine",0.0,0.0,0.0,0.0,0.0,0.0,17.1,0.9,16.3,2.3,14.0,0.8,2.7,0.0,0.0,0.1,2.1,1.9,0.6,0.0,0.0,0.0,0.0,0.0,0.0,0.0,70,51
"2018","Muu tootmine",0.0,0.0,0.0,0.0,0.0,0.0,0.6,0.6,0.0,0.0,0.0,0.1,2.3,0.2,0.0,0.0,1.8,1.8,0.9,0.0,0.0,0.0,0.0,0.0,0.0,0.0,36,25
"2018","Elektrienergia-, auru- ja kuumaveevarustus",0.0,0.0,15703.8,107.5,0.3,0.0,2234.1,3.3,2230.7,2215.0,15.7,2.0,184.2,0.0,0.0,20.5,6.2,5.8,2.5,0.0,862.5,9.7,5.6,232.9,0.0,0.0,1849,436
"2018","Veevarustus ja kanalisatsioon",0.0,0.0,0.0,0.0,0.0,0.0,0.0,0.0,0.0,0.0,0.0,0.0,0.6,0.0,0.0,0.0,1.3,1.3,0.5,0.0,0.0,0.0,0.0,0.0,0.0,0.0,132,27
"2018","Jäätmetöötlus",2.4,0.0,0.0,0.0,0.0,0.0,0.1,0.1,0.0,0.0,0.0,0.0,3.5,0.0,0.0,0.0,6.4,6.4,0.2,0.0,0.0,14.0,0.0,2.2,0.0,0.0,33,48
"2018","Ehitus",0.5,0.0,0.0,0.0,0.0,0.0,0.8,0.8,0.0,0.0,0.0,0.5,7.1,0.4,0.3,5.6,61.9,61.9,13.1,0.0,0.0,0.0,0.0,0.0,57.7,0.1,71,68
"2018","Hulgi- ja jaekaubandus",0.1,0.0,0.0,0.0,0.0,0.3,16.0,9.4,6.6,0.7,5.9,5.1,19.2,0.2,0.5,0.6,24.9,24.7,9.9,0.0,0.0,0.0,0.0,0.0,0.0,0.3,653,294
"2018","Maismaaveondus",0.0,0.0,0.0,0.0,0.0,0.0,1.8,1.8,0.0,0.0,0.0,0.1,5.3,8.1,0.1,0.0,269.3,242.1,12.4,0.0,0.0,3.0,0.0,0.0,0.0,0.1,68,38
"2018","Veetransport",0.0,0.0,0.0,0.0,0.0,0.0,0.0,0.0,0.0,0.0,0.0,0.0,20.0,0.0,0.0,0.0,13.5,13.5,0.1,0.0,0.0,0.0,0.0,0.0,0.0,0.0,4,0
"2018","Õhutansport",0.0,0.0,0.0,0.0,0.0,0.0,0.0,0.0,0.0,0.0,0.0,0.0,0.0,0.0,0.0,0.0,0.0,0.0,0.0,69.0,0.0,0.0,0.0,0.0,0.0,0.0,0,0
"2018","Laondus, posti- ja kulleriteenistus",0.0,0.0,0.0,0.0,0.0,0.0,2.9,2.9,0.0,0.0,0.0,0.2,18.9,0.3,0.0,0.3,26.4,26.4,2.3,0.0,0.1,0.0,0.0,0.0,0.0,0.0,268,195
"2018","Majutus ja toitlustus",0.0,0.0,0.0,0.0,0.0,0.0,3.7,1.1,2.6,0.7,2.0,0.8,4.5,0.1,0.0,0.0,1.4,1.0,1.0,0.0,0.0,0.0,0.0,0.0,0.0,0.0,236,127
"2018","Info ja side",0.0,0.0,0.0,0.0,0.0,0.0,0.0,0.0,0.0,0.0,0.0,0.0,0.4,0.0,0.3,0.0,1.3,1.3,1.7,0.0,0.0,0.0,0.0,0.0,0.0,0.0,188,24
"2018","Finants- ja kindlustustegevus",0.0,0.0,0.0,0.0,0.0,0.0,0.0,0.0,0.0,0.0,0.0,0.0,0.4,0.0,0.0,0.0,0.2,0.2,0.3,0.0,0.0,0.0,0.0,0.0,0.0,0.0,24,7
"2018","Kinnisvaraalane tegevus",0.0,0.0,0.0,0.0,0.0,0.0,8.3,2.0,6.3,5.8,0.4,1.1,22.8,0.2,0.7,0.3,2.8,2.7,1.2,0.0,0.0,0.0,0.0,0.0,0.0,0.0,682,423
"2018","Kutse-, teadus- ja tehnikaalane tegevus",0.0,0.0,0.0,0.0,0.0,0.0,0.2,0.2,0.0,0.0,0.0,0.2,1.1,0.3,0.2,0.0,4.4,4.4,6.2,0.0,0.0,0.0,0.0,0.0,0.0,0.0,55,28
"2018","Haldus- ja abitegevused",0.0,0.0,0.0,0.0,0.0,0.0,2.0,2.0,0.0,0.0,0.0,0.0,2.2,0.1,0.0,0.0,26.0,26.0,2.7,0.0,0.0,0.0,0.0,0.0,0.0,0.0,46,52
"2018","Avalik haldus ja riigikaitse",0.0,0.0,0.0,0.0,0.0,0.0,5.7,2.1,3.6,3.5,0.2,3.7,1.4,0.1,0.0,0.3,16.0,12.2,4.4,0.0,0.0,0.0,0.0,0.0,0.0,0.0,399,584
"2018","Haridus",0.1,0.0,0.0,0.0,0.0,0.0,2.6,1.0,1.6,1.6,0.0,0.2,2.9,0.0,0.0,0.0,0.9,0.8,0.7,0.0,0.0,0.0,0.0,0.0,0.0,0.0,104,103
"2018","Tervishoid ja sotsiaalhoolekanne",0.0,0.0,0.0,0.0,0.0,0.0,0.8,0.8,0.0,0.0,0.0,0.5,1.8,0.2,0.2,0.4,1.7,1.7,1.2,0.0,0.0,0.0,0.0,0.0,0.0,0.0,190,204
"2018","Kunst, meelelahutus ja vaba aeg",0.0,0.0,0.0,0.0,0.0,0.0,0.0,0.0,0.0,0.0,0.0,0.8,0.8,0.0,0.0,0.0,1.3,1.3,0.7,0.0,0.0,0.0,0.0,0.0,0.0,0.0,48,48
"2018","Muud teenindavad tegevused",0.0,0.0,0.0,0.0,0.0,0.0,0.0,0.0,0.0,0.0,0.0,0.0,2.9,0.1,0.0,0.0,1.2,1.0,0.1,0.0,0.0,0.0,0.0,0.0,0.0,0.0,27,38
"2018","Kodumajapidamine",2.0,0.0,0.0,0.0,0.0,0.0,2107.0,..,..,..,..,45.0,67.0,6.0,0.0,0.0,77.1,75.0,190.0,0.0,0.0,0.0,0.0,0.0,0.0,0.0,1860,3750
"2019","Tegevusalad kokku",50.4,0.0,15760.0,74.6,12.0,0.0,5841.1,1433.8,4407.2,2803.7,1603.5,77.3,460.2,27.9,2.4,34.1,683.8,670.0,262.6,67.9,1300.8,18.5,175.1,292.0,60.0,2.3,9273,9578
"2019","Põllumajandus",0.4,0.0,0.0,0.0,0.0,0.0,12.2,3.0,9.2,8.6,0.6,0.9,7.0,1.8,1.4,0.8,69.5,66.4,0.7,0.0,0.0,0.1,0.4,0.0,0.0,0.1,157,72
"2019","Metsamajandus",0.0,0.0,0.0,0.0,0.0,0.0,0.6,0.3,0.3,0.0,0.3,0.2,0.0,0.1,0.0,0.0,19.3,17.3,1.2,0.0,0.0,0.0,0.0,0.0,0.0,0.2,3,0
"2019","Kalapüük",0.0,0.0,0.0,0.0,0.0,0.0,0.0,0.0,0.0,0.0,0.0,0.0,0.0,0.0,0.0,0.0,1.4,1.4,0.1,0.0,0.0,0.0,0.0,0.0,0.0,0.0,5,0
"2019","Põlevkivi kaevandamine",0.0,0.0,0.0,0.0,0.0,0.0,0.0,0.0,0.0,0.0,0.0,0.0,0.0,0.0,0.0,1.5,10.9,10.9,0.0,0.0,0.0,0.0,0.0,0.0,0.0,0.3,198,25
"2019","Turba tootmine ja muu kaevandamine",0.0,0.0,0.0,1.0,9.7,0.0,1.9,0.2,1.7,1.7,0.0,0.2,7.7,0.1,0.1,0.0,8.5,8.5,0.1,0.0,0.0,0.0,0.0,0.0,0.0,0.0,23,6
"2019","Toiduainete tootmine, joogitootmine",0.1,0.0,0.0,0.0,0.0,0.0,19.2,0.2,19.0,18.2,0.8,0.2,32.6,0.7,0.0,3.4,5.9,2.8,0.8,0.0,0.0,0.0,0.0,0.0,0.0,0.0,298,344
"2019","Tekstiili- ja rõivatootmine, nahatöötlemine ja nahktoodete tootmine",0.0,0.0,0.0,0.0,0.0,0.0,0.6,0.6,0.0,0.0,0.0,3.5,1.2,0.2,0.1,0.6,0.6,0.6,0.5,0.0,0.0,0.0,0.0,0.0,0.0,0.0,53,54
"2019","Puidutöötlemine",0.0,0.0,0.0,0.0,0.0,0.0,762.5,2.0,760.5,192.1,568.5,10.6,9.6,0.8,0.0,2.6,11.7,11.4,0.8,0.0,0.0,0.0,0.0,0.0,0.0,0.1,562,1123
"2019","Paberi ja pabertoodete tootmine, trükindus ja salvestiste paljundus",0.0,0.0,0.0,0.0,0.0,0.0,119.7,0.0,119.6,0.0,119.7,0.0,21.2,0.0,0.2,0.1,0.8,0.8,0.2,0.0,0.0,0.0,170.6,0.0,0.0,0.0,355,586
"2019","Koksi ja puhastatud naftatoodete tootmine",0.0,0.0,5900.2,0.0,0.0,0.0,0.0,0.0,0.0,0.0,0.0,0.0,2.4,0.0,0.0,2.6,3.3,3.3,0.0,0.0,27.7,0.0,0.0,0.0,0.0,0.0,197,363
"2019","keemia- ja farmaatsiatoodete tootmine",0.0,0.0,0.0,0.0,0.0,0.0,0.0,0.0,0.0,0.0,0.0,0.0,7.8,1.5,0.0,0.0,0.3,0.3,0.1,0.0,0.0,0.2,0.0,0.0,0.0,0.0,139,230
"2019","Kummi- ja plasttoodete tootmine",0.0,0.0,0.0,0.0,0.0,0.0,0.2,0.2,0.0,0.0,0.0,0.1,1.8,0.0,0.0,0.0,0.8,0.7,0.2,0.0,0.0,0.0,0.0,0.0,0.0,0.0,82,27
"2019","Muude mittemetalsetest mineraalidest toodete tootmine",45.7,0.0,95.8,0.0,0.0,0.0,1.1,1.1,0.0,0.0,0.0,0.2,15.3,0.2,0.0,0.0,4.5,4.3,0.3,0.0,0.0,0.0,0.0,52.6,0.0,0.1,186,65
"2019","Metallitootmine",0.0,0.0,0.0,0.0,0.0,0.0,0.0,0.0,0.0,0.0,0.0,0.1,0.5,0.2,0.0,0.0,0.1,0.1,0.0,0.0,0.0,0.0,0.0,0.0,0.0,0.0,11,1
"2019","Metalltoodete tootmine",0.0,0.0,0.0,0.0,0.0,0.0,3.4,2.0,1.4,1.4,0.0,0.8,4.6,1.6,0.1,0.1,2.6,2.5,0.7,0.0,0.0,0.0,0.0,0.0,0.0,0.0,90,339
"2019","arvutite, elektriseadmete ja transpordivahendite tootmine",0.0,0.0,0.0,0.0,0.0,0.0,4.5,2.6,2.0,1.9,0.0,0.7,4.4,0.6,0.0,0.0,2.1,1.9,0.5,0.0,0.0,0.0,0.0,0.0,0.0,0.1,181,80
"2019","Mööblitootmine",0.0,0.0,0.0,0.0,0.0,0.0,19.1,0.3,18.8,2.0,16.8,0.7,1.7,0.1,0.0,0.1,1.7,1.7,0.4,0.0,0.0,0.0,0.0,0.0,0.0,0.0,61,54
"2019","Muu tootmine",0.0,0.0,0.0,0.0,0.0,0.0,0.5,0.2,0.3,0.0,0.3,0.1,2.3,0.2,0.0,0.0,1.6,1.6,0.2,0.0,0.0,0.0,0.0,0.0,0.0,0.0,30,22
"2019","Elektrienergia-, auru- ja kuumaveevarustus",0.0,0.0,9764.0,73.6,2.3,0.0,2793.7,1.8,2791.7,2546.0,245.7,4.3,174.4,0.2,0.1,15.3,5.0,4.6,2.1,0.0,1273.1,18.0,4.1,237.0,0.0,0.0,1365,467
"2019","Veevarustus ja kanalisatsioon",0.0,0.0,0.0,0.0,0.0,0.0,17.5,0.0,17.5,17.5,0.0,0.0,1.0,0.0,0.0,0.0,1.3,1.3,0.5,0.0,0.0,0.2,0.0,0.0,0.0,0.0,127,26
"2019","Jäätmetöötlus",1.6,0.0,0.0,0.0,0.0,0.0,0.0,0.0,0.0,0.0,0.0,0.0,2.9,0.1,0.0,0.0,6.9,6.9,0.3,0.0,0.0,0.0,0.0,2.4,0.0,0.0,23,28
"2019","Ehitus",0.5,0.0,0.0,0.0,0.0,0.0,2.8,0.9,2.0,0.0,2.0,0.9,6.7,1.5,0.2,5.2,81.2,81.2,10.7,0.0,0.0,0.0,0.0,0.0,60.0,1.1,66,19
"2019","Hulgi- ja jaekaubandus",0.1,0.0,0.0,0.0,0.0,0.0,10.5,3.7,6.8,0.9,5.9,5.2,15.1,0.2,0.1,0.0,27.8,27.4,6.4,0.0,0.0,0.0,0.0,0.0,0.0,0.0,663,223
"2019","Maismaaveondus",0.0,0.0,0.0,0.0,0.0,0.0,1.0,1.0,0.0,0.0,0.0,0.2,3.0,9.7,0.0,0.0,241.9,241.9,16.2,0.0,0.0,0.0,0.0,0.0,0.0,0.1,65,36
"2019","Veetransport",0.0,0.0,0.0,0.0,0.0,0.0,0.0,0.0,0.0,0.0,0.0,0.0,14.5,0.0,0.0,0.0,7.5,7.5,0.0,0.0,0.0,0.0,0.0,0.0,0.0,0.0,6,0
"2019","Õhutansport",0.0,0.0,0.0,0.0,0.0,0.0,0.0,0.0,0.0,0.0,0.0,0.0,0.0,0.0,0.0,0.0,0.0,0.0,0.0,67.9,0.0,0.0,0.0,0.0,0.0,0.0,0,1
"2019","Laondus, posti- ja kulleriteenistus",0.0,0.0,0.0,0.0,0.0,0.0,3.2,0.0,3.2,3.2,0.0,0.0,16.0,0.5,0.0,0.4,27.6,27.5,2.4,0.0,0.0,0.0,0.0,0.0,0.0,0.0,254,157
"2019","Majutus ja toitlustus",0.0,0.0,0.0,0.0,0.0,0.0,8.1,5.8,2.3,0.4,1.8,0.0,3.1,0.3,0.0,0.0,2.7,2.7,0.4,0.0,0.0,0.0,0.0,0.0,0.0,0.0,239,115
"2019","Info ja side",0.0,0.0,0.0,0.0,0.0,0.0,0.0,0.0,0.0,0.0,0.0,0.0,0.3,0.0,0.0,0.0,2.2,2.2,1.9,0.0,0.0,0.0,0.0,0.0,0.0,0.0,185,19
"2019","Finants- ja kindlustustegevus",0.0,0.0,0.0,0.0,0.0,0.0,0.0,0.0,0.0,0.0,0.0,0.0,0.2,0.0,0.0,0.0,0.1,0.1,0.1,0.0,0.0,0.0,0.0,0.0,0.0,0.0,13,5
"2019","Kinnisvaraalane tegevus",0.0,0.0,0.0,0.0,0.0,0.0,8.3,2.3,6.0,4.9,1.1,0.4,21.4,0.1,0.0,0.4,2.5,1.9,1.0,0.0,0.0,0.0,0.0,0.0,0.0,0.0,693,319
"2019","Kutse-, teadus- ja tehnikaalane tegevus",0.0,0.0,0.0,0.0,0.0,0.0,0.3,0.3,0.0,0.0,0.0,0.1,1.6,0.1,0.0,0.0,4.2,4.2,4.1,0.0,0.0,0.0,0.0,0.0,0.0,0.0,50,11
"2019","Haldus- ja abitegevused",0.0,0.0,0.0,0.0,0.0,0.0,1.8,1.8,0.0,0.0,0.0,0.0,1.3,0.1,0.0,0.0,25.4,25.4,3.1,0.0,0.0,0.0,0.0,0.0,0.0,0.0,43,18
"2019","Avalik haldus ja riigikaitse",0.0,0.0,0.0,0.0,0.0,0.0,4.4,1.0,3.4,3.4,0.0,1.6,0.5,0.1,0.0,0.0,14.8,13.8,4.1,0.0,0.0,0.0,0.0,0.0,0.0,0.0,427,561
"2019","Haridus",0.0,0.0,0.0,0.0,0.0,0.0,3.0,1.5,1.5,1.5,0.0,0.4,2.7,0.0,0.0,0.0,1.1,1.1,0.6,0.0,0.0,0.0,0.0,0.0,0.0,0.0,101,97
"2019","Tervishoid ja sotsiaalhoolekanne",0.0,0.0,0.0,0.0,0.0,0.0,1.0,1.0,0.0,0.0,0.0,0.5,1.9,0.2,0.1,0.4,1.7,1.7,1.1,0.0,0.0,0.0,0.0,0.0,0.0,0.0,186,182
"2019","Kunst, meelelahutus ja vaba aeg",0.0,0.0,0.0,0.0,0.0,0.0,0.0,0.0,0.0,0.0,0.0,0.4,0.3,0.0,0.0,0.6,1.0,1.0,0.6,0.0,0.0,0.0,0.0,0.0,0.0,0.0,48,71
"2019","Muud teenindavad tegevused",0.0,0.0,0.0,0.0,0.0,0.0,0.0,0.0,0.0,0.0,0.0,0.0,3.2,0.0,0.0,0.0,1.3,1.1,0.2,0.0,0.0,0.0,0.0,0.0,0.0,0.0,19,36
"2019","Kodumajapidamine",2.0,0.0,0.0,0.0,0.0,0.0,2040.0,1400.0,640.0,0.0,640.0,45.0,70.0,6.7,0.0,0.0,82.0,80.0,200.0,0.0,0.0,0.0,0.0,0.0,0.0,0.0,2070,3800
"2020","Tegevusalad kokku",12.8,0.0,12030.3,51.4,13.7,0.0,5889.3,1441.1,4448.2,3218.1,1230.1,83.9,446.8,24.5,1.6,35.4,692.3,681.5,206.7,24.5,1108.3,38.7,171.9,252.3,111.0,4.4,8280,9035
"2020","Põllumajandus",0.2,0.0,0.0,0.0,0.0,0.0,5.6,4.9,0.7,0.7,0.0,1.0,6.8,1.3,0.0,1.9,66.9,63.6,1.1,0.0,0.0,0.0,0.0,0.0,0.0,0.4,130,60
"2020","Metsamajandus",0.0,0.0,0.0,0.0,0.0,0.0,0.0,0.0,0.0,0.0,0.0,0.1,0.0,0.1,0.0,0.0,17.7,17.7,1.5,0.0,0.0,0.0,0.0,0.0,0.0,0.2,1,0
"2020","Kalapüük",0.0,0.0,0.0,0.0,0.0,0.0,0.0,0.0,0.0,0.0,0.0,0.0,0.0,0.0,0.0,0.0,1.9,1.9,0.1,0.0,0.0,0.0,0.0,0.0,0.0,0.0,4,0
"2020","Põlevkivi kaevandamine",0.0,0.0,0.0,0.0,0.0,0.0,0.0,0.0,0.0,0.0,0.0,0.0,0.0,0.0,0.0,1.4,8.7,8.7,0.0,0.0,0.0,0.0,0.0,0.0,0.0,0.2,168,23
"2020","Turba tootmine ja muu kaevandamine",0.0,0.0,0.0,1.2,1.0,0.0,0.9,0.9,0.0,0.0,0.0,0.0,4.9,0.1,0.0,0.0,10.0,10.0,0.1,0.0,0.0,0.0,0.0,0.0,0.6,0.0,22,5
"2020","Toiduainete tootmine, joogitootmine",0.1,0.0,0.0,0.0,0.0,0.0,18.2,0.3,17.9,17.7,0.2,0.1,33.2,1.7,0.0,1.6,6.4,6.4,0.8,0.0,0.0,1.4,0.0,0.0,0.0,0.0,310,357
"2020","Tekstiili- ja rõivatootmine, nahatöötlemine ja nahktoodete tootmine",0.0,0.0,0.0,0.0,0.0,0.0,0.2,0.2,0.0,0.0,0.0,2.6,2.4,0.2,0.0,0.5,0.7,0.7,0.2,0.0,0.0,0.0,0.0,0.0,0.0,0.0,59,34
"2020","Puidutöötlemine",0.0,0.0,0.0,0.0,0.0,0.0,710.1,0.1,710.1,218.6,491.5,1.0,6.5,0.5,0.0,8.0,11.9,11.9,0.8,0.0,0.0,0.0,0.0,0.0,0.0,0.2,588,1404
"2020","Paberi ja pabertoodete tootmine, trükindus ja salvestiste paljundus",0.0,0.0,0.0,0.0,0.0,0.0,111.4,0.0,111.4,111.4,0.0,0.1,23.4,0.0,0.1,0.0,0.7,0.7,0.2,0.0,0.0,0.0,167.5,0.0,0.0,0.0,360,570
"2020","Koksi ja puhastatud naftatoodete tootmine",0.0,0.0,5510.8,0.0,0.0,0.0,0.0,0.0,0.0,0.0,0.0,0.0,2.9,0.0,0.0,0.0,3.1,3.1,0.0,0.0,921.3,0.0,0.0,0.0,0.0,0.0,190,350
"2020","keemia- ja farmaatsiatoodete tootmine",0.0,0.0,0.0,0.0,0.0,0.0,0.1,0.1,0.0,0.0,0.0,0.0,5.3,1.0,0.0,0.0,0.3,0.3,0.1,0.0,0.0,0.2,0.0,0.0,0.0,0.0,126,196
"2020","Kummi- ja plasttoodete tootmine",0.0,0.0,0.0,0.0,0.0,0.0,0.0,0.0,0.0,0.0,0.0,0.2,1.3,0.6,0.0,0.0,0.8,0.8,0.2,0.0,0.0,0.0,0.0,0.0,0.0,0.0,100,23
"2020","Muude mittemetalsetest mineraalidest toodete tootmine",8.6,0.0,6.6,0.0,0.0,0.0,0.2,0.2,0.0,0.0,0.0,0.1,14.6,0.3,0.0,0.0,3.2,3.2,0.2,0.0,0.0,0.0,0.0,6.8,0.0,0.1,133,33
"2020","Metallitootmine",0.0,0.0,0.0,0.0,0.0,0.0,0.1,0.0,0.1,0.1,0.0,0.0,0.3,0.1,0.0,0.0,0.1,0.1,0.0,0.0,0.0,0.0,0.0,0.0,0.0,0.0,12,2
"2020","Metalltoodete tootmine",0.0,0.0,0.0,0.0,0.0,0.0,3.7,1.4,2.3,2.3,0.0,1.1,7.8,0.4,0.1,0.1,2.6,2.6,0.5,0.0,0.0,0.0,0.0,0.0,0.0,0.0,92,35
"2020","arvutite, elektriseadmete ja transpordivahendite tootmine",0.0,0.0,0.0,0.0,0.0,0.0,2.5,1.8,0.7,0.7,0.0,0.2,11.1,0.5,0.0,0.1,1.7,1.7,0.4,0.0,0.0,0.0,0.0,0.0,0.0,0.0,176,71
"2020","Mööblitootmine",0.0,0.0,0.0,0.0,0.0,0.0,18.2,0.3,18.0,1.4,16.6,0.4,1.2,0.1,0.0,0.1,1.4,1.4,0.3,0.0,0.0,0.0,0.0,0.0,0.0,0.0,52,47
"2020","Muu tootmine",0.0,0.0,0.0,0.0,0.0,0.0,1.6,1.4,0.2,0.0,0.2,0.0,2.0,0.3,0.0,0.0,2.3,2.3,0.3,0.0,0.0,0.0,0.0,0.0,0.0,0.0,27,20
"2020","Elektrienergia-, auru- ja kuumaveevarustus",0.0,0.0,6513.0,50.2,12.7,0.0,2915.1,1.1,2914.0,2840.5,73.5,4.5,144.1,0.6,1.0,14.3,2.4,2.4,1.2,0.0,187.0,23.8,4.4,243.3,0.0,0.5,1002,443
"2020","Veevarustus ja kanalisatsioon",0.0,0.0,0.0,0.0,0.0,0.0,15.5,0.0,15.5,15.5,0.0,0.0,0.7,0.0,0.0,0.0,0.9,0.9,0.3,0.0,0.0,3.6,0.0,0.0,0.0,0.0,121,26
"2020","Jäätmetöötlus",1.7,0.0,0.0,0.0,0.0,0.0,0.0,0.0,0.0,0.0,0.0,0.0,1.2,0.0,0.0,0.0,6.0,6.0,0.2,0.0,0.0,0.4,0.0,2.2,0.0,0.0,23,13
"2020","Ehitus",0.1,0.0,0.0,0.0,0.0,0.0,2.1,1.2,1.0,0.2,0.8,0.7,21.4,0.4,0.1,6.9,82.7,78.7,8.4,0.0,0.0,0.0,0.0,0.0,111.0,1.5,85,36
"2020","Hulgi- ja jaekaubandus",0.1,0.0,0.0,0.0,0.0,0.0,8.6,3.7,4.9,0.5,4.4,1.9,7.9,0.3,0.1,0.0,27.9,27.9,5.9,0.0,0.0,0.0,0.0,0.0,0.0,0.0,707,277
"2020","Maismaaveondus",0.0,0.0,0.0,0.0,0.0,0.0,3.6,3.6,0.0,0.0,0.0,0.3,12.3,10.6,0.0,0.0,243.2,243.2,14.7,0.0,0.0,9.3,0.0,0.0,0.0,0.9,49,29
"2020","Veetransport",0.0,0.0,0.0,0.0,0.0,0.0,0.0,0.0,0.0,0.0,0.0,0.0,15.4,0.0,0.0,0.0,11.6,11.6,0.2,0.0,0.0,0.0,0.0,0.0,0.0,0.0,7,1
"2020","Õhutansport",0.0,0.0,0.0,0.0,0.0,0.0,0.0,0.0,0.0,0.0,0.0,0.0,0.0,0.0,0.0,0.0,0.0,0.0,0.0,24.5,0.0,0.0,0.0,0.0,0.0,0.0,0,0
"2020","Laondus, posti- ja kulleriteenistus",0.0,0.0,0.0,0.0,0.0,0.0,0.3,0.3,0.0,0.0,0.0,0.1,15.4,0.4,0.0,0.2,29.8,29.8,1.9,0.0,0.0,0.0,0.0,0.0,0.0,0.4,230,177
"2020","Majutus ja toitlustus",0.0,0.0,0.0,0.0,0.0,0.0,7.6,5.5,2.1,0.4,1.7,0.0,2.6,0.1,0.0,0.0,2.2,2.2,0.2,0.0,0.0,0.0,0.0,0.0,0.0,0.0,110,86
"2020","Info ja side",0.0,0.0,0.0,0.0,0.0,0.0,0.0,0.0,0.0,0.0,0.0,0.0,0.2,0.0,0.0,0.0,2.7,2.2,1.3,0.0,0.0,0.0,0.0,0.0,0.0,0.0,206,16
"2020","Finants- ja kindlustustegevus",0.0,0.0,0.0,0.0,0.0,0.0,0.0,0.0,0.0,0.0,0.0,0.0,0.0,0.0,0.0,0.0,0.0,0.0,0.1,0.0,0.0,0.0,0.0,0.0,0.0,0.0,8,6
"2020","Kinnisvaraalane tegevus",0.0,0.0,0.0,0.0,0.0,0.0,11.9,7.9,4.0,2.9,1.1,5.3,25.0,0.0,0.0,0.0,2.9,2.9,1.5,0.0,0.0,0.0,0.0,0.0,0.0,0.0,442,365
"2020","Kutse-, teadus- ja tehnikaalane tegevus",0.0,0.0,0.0,0.0,0.0,0.0,0.1,0.1,0.0,0.0,0.0,0.0,0.9,0.0,0.0,0.0,2.5,2.5,1.9,0.0,0.0,0.0,0.0,0.0,0.0,0.0,27,13
"2020","Haldus- ja abitegevused",0.0,0.0,0.0,0.0,0.0,0.0,3.6,3.6,0.0,0.0,0.0,0.3,1.3,0.3,0.0,0.0,25.9,25.9,2.1,0.0,0.0,0.0,0.0,0.0,0.0,0.0,18,18
"2020","Avalik haldus ja riigikaitse",0.0,0.0,0.0,0.0,0.0,0.0,4.7,1.0,3.7,3.7,0.0,3.0,1.0,0.1,0.0,0.0,13.4,11.4,3.1,0.3,0.0,0.0,0.0,0.0,0.0,0.0,378,473
"2020","Haridus",0.0,0.0,0.0,0.0,0.0,0.0,2.7,1.2,1.4,1.4,0.0,0.0,2.4,0.0,0.0,0.0,0.6,0.6,0.5,0.2,0.0,0.0,0.0,0.0,0.0,0.0,87,88
"2020","Tervishoid ja sotsiaalhoolekanne",0.0,0.0,0.0,0.0,0.0,0.0,0.3,0.3,0.0,0.0,0.0,0.3,1.8,0.2,0.0,0.2,1.3,1.3,1.2,0.0,0.0,0.0,0.0,0.0,0.0,0.0,169,177
"2020","Kunst, meelelahutus ja vaba aeg",0.0,0.0,0.0,0.0,0.0,0.0,0.0,0.0,0.0,0.0,0.0,0.3,0.2,0.0,0.0,0.0,7.0,7.0,0.5,0.0,0.0,0.0,0.0,0.0,0.0,0.0,45,47
"2020","Muud teenindavad tegevused",0.0,0.0,0.0,0.0,0.0,0.0,0.0,0.0,0.0,0.0,0.0,0.0,1.1,0.0,0.0,0.0,2.9,2.9,0.3,0.0,0.0,0.0,0.0,0.0,0.0,0.0,19,16
"2020","Kodumajapidamine",2.0,0.0,0.0,0.0,0.0,0.0,2040.0,..,..,..,..,60.0,68.0,4.0,0.0,0.0,86.0,85.0,154.0,0.0,0.0,0.0,0.0,0.0,0.0,0.0,1998,3500
